ISO-10303-21;
HEADER;
FILE_DESCRIPTION (( 'STEP AP203' ),
    '1' );
FILE_NAME ('PR173_STEP.STEP',
    '2023-02-09T15:30:17',
    ( '' ),
    ( '' ),
    'SwSTEP 2.0',
    'SolidWorks 2020',
    '' );
FILE_SCHEMA (( 'CONFIG_CONTROL_DESIGN' ));
ENDSEC;

DATA;
#1 = LINE ( 'NONE', #2189, #1648 ) ;
#2 = ORIENTED_EDGE ( 'NONE', *, *, #1762, .T. ) ;
#3 = DIRECTION ( 'NONE',  ( 0.000000000000000000, 0.000000000000000000, 1.000000000000000000 ) ) ;
#4 = CARTESIAN_POINT ( 'NONE',  ( -15.89931674844670084, 39.28200526678289606, 118.0000000000000000 ) ) ;
#5 = DIRECTION ( 'NONE',  ( 1.000000000000000000, 0.000000000000000000, 0.000000000000000000 ) ) ;
#6 = DIRECTION ( 'NONE',  ( -1.000000000000000000, 0.000000000000000000, 0.000000000000000000 ) ) ;
#7 = CARTESIAN_POINT ( 'NONE',  ( -17.62909974844670202, 10.50000026678289977, 50.00000000000000000 ) ) ;
#8 = ORIENTED_EDGE ( 'NONE', *, *, #628, .F. ) ;
#9 = FACE_OUTER_BOUND ( 'NONE', #237, .T. ) ;
#10 = ADVANCED_FACE ( 'NONE', ( #2390 ), #379, .F. ) ;
#11 = DATE_AND_TIME ( #2890, #2749 ) ;
#12 = EDGE_CURVE ( 'NONE', #1461, #1041, #2566, .T. ) ;
#13 = DIRECTION ( 'NONE',  ( 0.000000000000000000, 0.000000000000000000, -1.000000000000000000 ) ) ;
#14 = DIRECTION ( 'NONE',  ( 0.000000000000000000, 0.000000000000000000, 1.000000000000000000 ) ) ;
#15 = ORIENTED_EDGE ( 'NONE', *, *, #1347, .T. ) ;
#16 = EDGE_LOOP ( 'NONE', ( #2486, #526, #1691, #175 ) ) ;
#17 = CARTESIAN_POINT ( 'NONE',  ( -33.24999999644330018, -1.530808498934181463E-16, 109.9500000000000028 ) ) ;
#18 = DIRECTION ( 'NONE',  ( -1.000000000000000000, 0.000000000000000000, 0.000000000000000000 ) ) ;
#19 = VERTEX_POINT ( 'NONE', #2618 ) ;
#20 = FACE_OUTER_BOUND ( 'NONE', #2523, .T. ) ;
#21 = DIRECTION ( 'NONE',  ( -1.000000000000000000, 0.000000000000000000, 0.000000000000000000 ) ) ;
#22 = VECTOR ( 'NONE', #2128, 1000.000000000000000 ) ;
#23 = APPROVAL_STATUS ( 'not_yet_approved' ) ;
#24 = EDGE_CURVE ( 'NONE', #1911, #593, #1371, .T. ) ;
#25 = VECTOR ( 'NONE', #2200, 1000.000000000000114 ) ;
#26 = AXIS2_PLACEMENT_3D ( 'NONE', #277, #698, #899 ) ;
#27 = DIRECTION ( 'NONE',  ( -1.000000000000000000, 0.000000000000000000, 0.000000000000000000 ) ) ;
#28 = DIRECTION ( 'NONE',  ( -0.04267274312663629082, 0.9990891036309265116, 0.000000000000000000 ) ) ;
#29 = EDGE_LOOP ( 'NONE', ( #1185, #2636, #1390, #1619 ) ) ;
#30 = ADVANCED_FACE ( 'NONE', ( #1033 ), #1710, .F. ) ;
#31 = VERTEX_POINT ( 'NONE', #1211 ) ;
#32 = AXIS2_PLACEMENT_3D ( 'NONE', #1702, #794, #1736 ) ;
#33 = AXIS2_PLACEMENT_3D ( 'NONE', #2583, #2823, #2330 ) ;
#34 = ORIENTED_EDGE ( 'NONE', *, *, #352, .T. ) ;
#35 = FACE_OUTER_BOUND ( 'NONE', #147, .T. ) ;
#36 = AXIS2_PLACEMENT_3D ( 'NONE', #2374, #2407, #618 ) ;
#37 = CARTESIAN_POINT ( 'NONE',  ( -15.89931674844670084, 39.28200526678289606, 0.000000000000000000 ) ) ;
#38 = AXIS2_PLACEMENT_3D ( 'NONE', #1777, #633, #1054 ) ;
#39 = CC_DESIGN_APPROVAL ( #1499, ( #1767 ) ) ;
#40 = ORIENTED_EDGE ( 'NONE', *, *, #2626, .T. ) ;
#41 = LINE ( 'NONE', #731, #957 ) ;
#42 = PLANE ( 'NONE',  #2611 ) ;
#43 = CARTESIAN_POINT ( 'NONE',  ( -42.53222374844670384, 10.49999996115520062, 50.00000000000000000 ) ) ;
#44 = DIRECTION ( 'NONE',  ( 0.000000000000000000, 0.000000000000000000, 1.000000000000000000 ) ) ;
#45 = LINE ( 'NONE', #2485, #1997 ) ;
#46 = EDGE_LOOP ( 'NONE', ( #2706, #1012, #932, #378 ) ) ;
#47 = EDGE_CURVE ( 'NONE', #2868, #1057, #1555, .T. ) ;
#48 = DIRECTION ( 'NONE',  ( 0.000000000000000000, 0.000000000000000000, -1.000000000000000000 ) ) ;
#49 = CARTESIAN_POINT ( 'NONE',  ( 44.95332665355380186, 39.29988744339569706, 0.000000000000000000 ) ) ;
#50 = ADVANCED_FACE ( 'NONE', ( #1313 ), #209, .F. ) ;
#51 = CARTESIAN_POINT ( 'NONE',  ( -45.70166499644329861, 40.00000000170310699, 50.00000000000000000 ) ) ;
#52 = ORIENTED_EDGE ( 'NONE', *, *, #773, .F. ) ;
#53 = ORIENTED_EDGE ( 'NONE', *, *, #1152, .T. ) ;
#54 = DIRECTION ( 'NONE',  ( -1.000000000000000000, 0.000000000000000000, 0.000000000000000000 ) ) ;
#55 = CARTESIAN_POINT ( 'NONE',  ( -33.24999999644330018, 0.000000000000000000, 108.7000000000000028 ) ) ;
#56 = LINE ( 'NONE', #1861, #1516 ) ;
#57 = LINE ( 'NONE', #699, #1221 ) ;
#58 = EDGE_CURVE ( 'NONE', #2715, #1617, #196, .T. ) ;
#59 = EDGE_LOOP ( 'NONE', ( #2747, #2426, #1450 ) ) ;
#60 = DIRECTION ( 'NONE',  ( -1.000000000000000000, 0.000000000000000000, 0.000000000000000000 ) ) ;
#61 = FACE_OUTER_BOUND ( 'NONE', #475, .T. ) ;
#62 = EDGE_CURVE ( 'NONE', #1284, #2023, #2835, .T. ) ;
#63 = ORIENTED_EDGE ( 'NONE', *, *, #2379, .F. ) ;
#64 = VERTEX_POINT ( 'NONE', #787 ) ;
#65 = ORIENTED_EDGE ( 'NONE', *, *, #1039, .F. ) ;
#66 = FACE_OUTER_BOUND ( 'NONE', #253, .T. ) ;
#67 = VECTOR ( 'NONE', #1409, 1000.000000000000000 ) ;
#68 = ORIENTED_EDGE ( 'NONE', *, *, #749, .F. ) ;
#69 = AXIS2_PLACEMENT_3D ( 'NONE', #1501, #2865, #2593 ) ;
#70 = LINE ( 'NONE', #298, #2504 ) ;
#71 = CARTESIAN_POINT ( 'NONE',  ( -5.799316292130700212, 39.28200454514540496, 0.000000000000000000 ) ) ;
#72 = VECTOR ( 'NONE', #1558, 1000.000000000000000 ) ;
#73 = ORIENTED_EDGE ( 'NONE', *, *, #1156, .F. ) ;
#74 = AXIS2_PLACEMENT_3D ( 'NONE', #607, #2592, #168 ) ;
#75 = AXIS2_PLACEMENT_3D ( 'NONE', #2122, #2313, #2599 ) ;
#76 = DIRECTION ( 'NONE',  ( 1.000000000000000000, 0.000000000000000000, 0.000000000000000000 ) ) ;
#77 = VECTOR ( 'NONE', #2362, 1000.000000000000000 ) ;
#78 = AXIS2_PLACEMENT_3D ( 'NONE', #830, #2855, #883 ) ;
#79 = ORIENTED_EDGE ( 'NONE', *, *, #591, .T. ) ;
#80 = AXIS2_PLACEMENT_3D ( 'NONE', #1921, #1957, #1341 ) ;
#81 = EDGE_CURVE ( 'NONE', #825, #2101, #2075, .T. ) ;
#82 = CALENDAR_DATE ( 2023, 9, 2 ) ;
#83 = ORIENTED_EDGE ( 'NONE', *, *, #2630, .F. ) ;
#84 = ORIENTED_EDGE ( 'NONE', *, *, #2272, .F. ) ;
#85 = PLANE ( 'NONE',  #1460 ) ;
#86 = CARTESIAN_POINT ( 'NONE',  ( 17.12955560244130027, 10.47866345023660095, 0.000000000000000000 ) ) ;
#87 = CARTESIAN_POINT ( 'NONE',  ( -14.40068274844659868, 39.28200526678289606, 0.000000000000000000 ) ) ;
#88 = DIRECTION ( 'NONE',  ( 0.000000000000000000, 0.000000000000000000, -1.000000000000000000 ) ) ;
#89 = ORIENTED_EDGE ( 'NONE', *, *, #653, .T. ) ;
#90 = CARTESIAN_POINT ( 'NONE',  ( -32.87089974844669626, 10.00000026678289977, 50.00000000000000000 ) ) ;
#91 = CARTESIAN_POINT ( 'NONE',  ( -34.60068274844670100, 39.28200526678289606, 0.000000000000000000 ) ) ;
#92 = EDGE_LOOP ( 'NONE', ( #2857, #225, #1229, #1662 ) ) ;
#93 = ORIENTED_EDGE ( 'NONE', *, *, #2626, .F. ) ;
#94 = VERTEX_POINT ( 'NONE', #2623 ) ;
#95 = DESIGN_CONTEXT ( 'detailed design', #1669, 'design' ) ;
#96 = DIRECTION ( 'NONE',  ( -1.000000000000000000, 0.000000000000000000, 0.000000000000000000 ) ) ;
#97 = DIRECTION ( 'NONE',  ( 0.9990891032743361988, -0.04267275147541910868, 0.000000000000000000 ) ) ;
#98 = ORIENTED_EDGE ( 'NONE', *, *, #749, .T. ) ;
#99 = FACE_OUTER_BOUND ( 'NONE', #289, .T. ) ;
#100 = PERSON_AND_ORGANIZATION ( #2312, #2047 ) ;
#101 = ORIENTED_EDGE ( 'NONE', *, *, #1553, .T. ) ;
#102 = VERTEX_POINT ( 'NONE', #1729 ) ;
#103 = ADVANCED_FACE ( 'NONE', ( #2584 ), #138, .F. ) ;
#104 = ORIENTED_EDGE ( 'NONE', *, *, #1661, .F. ) ;
#105 = CARTESIAN_POINT ( 'NONE',  ( -45.70166499644329861, 39.24999994462240238, 0.000000000000000000 ) ) ;
#106 = FACE_OUTER_BOUND ( 'NONE', #2899, .T. ) ;
#107 = EDGE_CURVE ( 'NONE', #898, #848, #1808, .T. ) ;
#108 = VERTEX_POINT ( 'NONE', #661 ) ;
#109 = DIRECTION ( 'NONE',  ( -0.04267274312663429936, 0.9990891036309265116, 0.000000000000000000 ) ) ;
#110 = DIRECTION ( 'NONE',  ( 1.000000000000000000, 0.000000000000000000, 0.000000000000000000 ) ) ;
#111 = VERTEX_POINT ( 'NONE', #2449 ) ;
#112 = VERTEX_POINT ( 'NONE', #2468 ) ;
#113 = LINE ( 'NONE', #1644, #455 ) ;
#114 = ORIENTED_EDGE ( 'NONE', *, *, #252, .F. ) ;
#115 = ORIENTED_EDGE ( 'NONE', *, *, #2191, .T. ) ;
#116 = PLANE ( 'NONE',  #231 ) ;
#117 = DIRECTION ( 'NONE',  ( 0.000000000000000000, 0.000000000000000000, 1.000000000000000000 ) ) ;
#118 = ORIENTED_EDGE ( 'NONE', *, *, #2570, .T. ) ;
#119 = VERTEX_POINT ( 'NONE', #1434 ) ;
#120 = EDGE_CURVE ( 'NONE', #855, #1500, #945, .T. ) ;
#121 = DIRECTION ( 'NONE',  ( 0.000000000000000000, 0.000000000000000000, -1.000000000000000000 ) ) ;
#122 = AXIS2_PLACEMENT_3D ( 'NONE', #150, #1215, #1023 ) ;
#123 = DIRECTION ( 'NONE',  ( 0.000000000000000000, 0.000000000000000000, -1.000000000000000000 ) ) ;
#124 = ADVANCED_FACE ( 'NONE', ( #507 ), #1932, .F. ) ;
#125 = CARTESIAN_POINT ( 'NONE',  ( 25.99931749701319816, 39.28200350342310543, 0.000000000000000000 ) ) ;
#126 = CARTESIAN_POINT ( 'NONE',  ( -2.570899680884500160, 9.999999745921799743, 0.000000000000000000 ) ) ;
#127 = ORIENTED_EDGE ( 'NONE', *, *, #2245, .F. ) ;
#128 = AXIS2_PLACEMENT_3D ( 'NONE', #1982, #891, #671 ) ;
#129 = VERTEX_POINT ( 'NONE', #2387 ) ;
#130 = CIRCLE ( 'NONE', #1753, 1.250000000000001110 ) ;
#131 = LINE ( 'NONE', #796, #355 ) ;
#132 = ORIENTED_EDGE ( 'NONE', *, *, #824, .F. ) ;
#133 = CIRCLE ( 'NONE', #1226, 1.250000000000001110 ) ;
#134 = AXIS2_PLACEMENT_3D ( 'NONE', #2219, #1100, #2005 ) ;
#135 = DIRECTION ( 'NONE',  ( 0.000000000000000000, -0.5150380749100544886, -0.8571673007021121116 ) ) ;
#136 = AXIS2_PLACEMENT_3D ( 'NONE', #1622, #2765, #747 ) ;
#137 = VECTOR ( 'NONE', #2028, 1000.000000000000000 ) ;
#138 = CYLINDRICAL_SURFACE ( 'NONE', #400, 1.250000000000001110 ) ;
#139 = ORIENTED_EDGE ( 'NONE', *, *, #2526, .T. ) ;
#140 = AXIS2_PLACEMENT_3D ( 'NONE', #611, #1950, #1709 ) ;
#141 = CARTESIAN_POINT ( 'NONE',  ( -44.95332605339750387, 39.29988894082550388, 50.00000000000000000 ) ) ;
#142 = DIRECTION ( 'NONE',  ( 0.06651903240569631559, 0.9977851563978139549, 0.000000000000000000 ) ) ;
#143 = LINE ( 'NONE', #725, #409 ) ;
#144 = ADVANCED_FACE ( 'NONE', ( #1270, #1458, #408, #2170, #1443, #1055, #831 ), #1214, .F. ) ;
#145 = EDGE_LOOP ( 'NONE', ( #1266, #2540, #1009, #2673 ) ) ;
#146 = DIRECTION ( 'NONE',  ( -1.000000000000000000, 0.000000000000000000, 0.000000000000000000 ) ) ;
#147 = EDGE_LOOP ( 'NONE', ( #315, #1987, #623, #2280 ) ) ;
#148 = EDGE_CURVE ( 'NONE', #267, #2076, #269, .T. ) ;
#149 = CYLINDRICAL_SURFACE ( 'NONE', #768, 1.250000000000001110 ) ;
#150 = CARTESIAN_POINT ( 'NONE',  ( -49.24999999644330018, 0.7500000017030411525, 0.000000000000000000 ) ) ;
#151 = ORIENTED_EDGE ( 'NONE', *, *, #1410, .T. ) ;
#152 = ORIENTED_EDGE ( 'NONE', *, *, #1218, .F. ) ;
#153 = CARTESIAN_POINT ( 'NONE',  ( 44.95332665355380186, 39.29988744339569706, 0.000000000000000000 ) ) ;
#154 = CARTESIAN_POINT ( 'NONE',  ( -2.351561613322400213, 9.999998183338499658, 118.0000000000000000 ) ) ;
#155 = DIRECTION ( 'NONE',  ( 1.000000000000000000, 0.000000000000000000, 0.000000000000000000 ) ) ;
#156 = ORIENTED_EDGE ( 'NONE', *, *, #2078, .T. ) ;
#157 = DIRECTION ( 'NONE',  ( -1.000000000000000000, 0.000000000000000000, 0.000000000000000000 ) ) ;
#158 = CARTESIAN_POINT ( 'NONE',  ( -24.50068274844660365, 39.28200526678289606, 0.000000000000000000 ) ) ;
#159 = CARTESIAN_POINT ( 'NONE',  ( 15.15000060244130076, 39.24999945023660075, 0.000000000000000000 ) ) ;
#160 = EDGE_CURVE ( 'NONE', #816, #2445, #2467, .T. ) ;
#161 = ORIENTED_EDGE ( 'NONE', *, *, #2530, .F. ) ;
#162 = DIRECTION ( 'NONE',  ( -0.000000000000000000, -1.000000000000000000, -0.000000000000000000 ) ) ;
#163 = EDGE_CURVE ( 'NONE', #306, #2500, #1539, .T. ) ;
#164 = EDGE_CURVE ( 'NONE', #1065, #2417, #2015, .T. ) ;
#165 = DIRECTION ( 'NONE',  ( 0.04267275147541720048, 0.9990891032743360878, 0.000000000000000000 ) ) ;
#166 = ORIENTED_EDGE ( 'NONE', *, *, #2288, .T. ) ;
#167 = DIRECTION ( 'NONE',  ( 0.000000000000000000, 0.000000000000000000, 1.000000000000000000 ) ) ;
#168 = DIRECTION ( 'NONE',  ( 1.000000000000000000, 0.000000000000000000, 0.000000000000000000 ) ) ;
#169 = ORIENTED_EDGE ( 'NONE', *, *, #1165, .F. ) ;
#170 = AXIS2_PLACEMENT_3D ( 'NONE', #1164, #2301, #2074 ) ;
#171 = ORIENTED_EDGE ( 'NONE', *, *, #703, .T. ) ;
#172 = CARTESIAN_POINT ( 'NONE',  ( 40.25000000355681351, 8.500000000000000000, 109.9499999999999886 ) ) ;
#173 = CARTESIAN_POINT ( 'NONE',  ( -40.18066174844670257, 10.00000026678289977, 118.0000000000000000 ) ) ;
#174 = AXIS2_PLACEMENT_3D ( 'NONE', #1984, #1255, #1068 ) ;
#175 = ORIENTED_EDGE ( 'NONE', *, *, #662, .T. ) ;
#176 = EDGE_LOOP ( 'NONE', ( #1879, #89, #1182 ) ) ;
#177 = EDGE_CURVE ( 'NONE', #1985, #2266, #1629, .T. ) ;
#178 = CIRCLE ( 'NONE', #1755, 0.7500001910093357926 ) ;
#179 = FACE_OUTER_BOUND ( 'NONE', #685, .T. ) ;
#180 = FACE_OUTER_BOUND ( 'NONE', #230, .T. ) ;
#181 = VECTOR ( 'NONE', #741, 1000.000000000000000 ) ;
#182 = ORIENTED_EDGE ( 'NONE', *, *, #2822, .T. ) ;
#183 = FACE_OUTER_BOUND ( 'NONE', #1021, .T. ) ;
#184 = EDGE_CURVE ( 'NONE', #920, #1209, #1415, .T. ) ;
#185 = AXIS2_PLACEMENT_3D ( 'NONE', #1637, #530, #324 ) ;
#186 = AXIS2_PLACEMENT_3D ( 'NONE', #1973, #417, #1750 ) ;
#187 = DIRECTION ( 'NONE',  ( 0.000000000000000000, -0.5150380749100544886, -0.8571673007021121116 ) ) ;
#188 = CIRCLE ( 'NONE', #1803, 1.250000000000001110 ) ;
#189 = ORIENTED_EDGE ( 'NONE', *, *, #1718, .T. ) ;
#190 = ADVANCED_FACE ( 'NONE', ( #2093 ), #1640, .F. ) ;
#191 = CARTESIAN_POINT ( 'NONE',  ( -45.89111187244500201, 1.703039931300050034E-09, 118.0000000000000000 ) ) ;
#192 = PLANE ( 'NONE',  #584 ) ;
#193 = VERTEX_POINT ( 'NONE', #536 ) ;
#194 = CARTESIAN_POINT ( 'NONE',  ( -14.40068274844659868, 39.28200526678289606, 0.000000000000000000 ) ) ;
#195 = CARTESIAN_POINT ( 'NONE',  ( 40.25000000355680640, 8.500000000000000000, 32.44999999999999574 ) ) ;
#196 = LINE ( 'NONE', #1077, #309 ) ;
#197 = VERTEX_POINT ( 'NONE', #1426 ) ;
#198 = CARTESIAN_POINT ( 'NONE',  ( 24.50068384299360247, 39.28200350342310543, 118.0000000000000000 ) ) ;
#199 = ORIENTED_EDGE ( 'NONE', *, *, #1821, .F. ) ;
#200 = ORIENTED_EDGE ( 'NONE', *, *, #912, .T. ) ;
#201 = DIRECTION ( 'NONE',  ( 0.000000000000000000, 0.000000000000000000, -1.000000000000000000 ) ) ;
#202 = ADVANCED_FACE ( 'NONE', ( #2578 ), #2450, .F. ) ;
#203 = FACE_OUTER_BOUND ( 'NONE', #1106, .T. ) ;
#204 = CARTESIAN_POINT ( 'NONE',  ( -17.62909974844670202, 10.50000026678289977, 0.000000000000000000 ) ) ;
#205 = EDGE_CURVE ( 'NONE', #1721, #375, #1468, .T. ) ;
#206 = ORIENTED_EDGE ( 'NONE', *, *, #205, .T. ) ;
#207 = FACE_OUTER_BOUND ( 'NONE', #987, .T. ) ;
#208 = DIRECTION ( 'NONE',  ( 0.000000000000000000, -0.5150380749100544886, -0.8571673007021121116 ) ) ;
#209 = CYLINDRICAL_SURFACE ( 'NONE', #1986, 0.5000000000000108802 ) ;
#210 = ORIENTED_EDGE ( 'NONE', *, *, #2683, .F. ) ;
#211 = DIRECTION ( 'NONE',  ( 0.000000000000000000, 0.000000000000000000, 1.000000000000000000 ) ) ;
#212 = ORIENTED_EDGE ( 'NONE', *, *, #1109, .F. ) ;
#213 = MECHANICAL_CONTEXT ( 'NONE', #1405, 'mechanical' ) ;
#214 = EDGE_LOOP ( 'NONE', ( #1053, #2253, #15, #547 ) ) ;
#215 = ADVANCED_FACE ( 'NONE', ( #1720 ), #1498, .F. ) ;
#216 = CARTESIAN_POINT ( 'NONE',  ( 44.95332665355380186, 39.29988744339569706, 118.0000000000000000 ) ) ;
#217 = DIRECTION ( 'NONE',  ( 0.000000000000000000, 0.000000000000000000, -1.000000000000000000 ) ) ;
#218 = ORIENTED_EDGE ( 'NONE', *, *, #1224, .T. ) ;
#219 = ORIENTED_EDGE ( 'NONE', *, *, #2630, .T. ) ;
#220 = ADVANCED_FACE ( 'NONE', ( #2377 ), #2415, .F. ) ;
#221 = CARTESIAN_POINT ( 'NONE',  ( 7.529100319115400453, 10.49999974592179974, 0.000000000000000000 ) ) ;
#222 = DIRECTION ( 'NONE',  ( 0.000000000000000000, 0.000000000000000000, 1.000000000000000000 ) ) ;
#223 = DIRECTION ( 'NONE',  ( 0.000000000000000000, 0.000000000000000000, -1.000000000000000000 ) ) ;
#224 = CARTESIAN_POINT ( 'NONE',  ( 36.09931756457540075, 39.28200298256199829, 50.00000000000000000 ) ) ;
#225 = ORIENTED_EDGE ( 'NONE', *, *, #1743, .F. ) ;
#226 = CARTESIAN_POINT ( 'NONE',  ( -25.99931674844670226, 39.28200526678289606, 118.0000000000000000 ) ) ;
#227 = VECTOR ( 'NONE', #245, 1000.000000000000000 ) ;
#228 = EDGE_LOOP ( 'NONE', ( #166, #1359, #236, #1212 ) ) ;
#229 = VECTOR ( 'NONE', #1127, 1000.000000000000000 ) ;
#230 = EDGE_LOOP ( 'NONE', ( #1757, #2853, #182, #781 ) ) ;
#231 = AXIS2_PLACEMENT_3D ( 'NONE', #1595, #986, #344 ) ;
#232 = CARTESIAN_POINT ( 'NONE',  ( 33.37044473756560592, 10.47866240851439912, 0.000000000000000000 ) ) ;
#233 = CARTESIAN_POINT ( 'NONE',  ( 20.24000000355669471, 0.000000000000000000, 63.70000000000001705 ) ) ;
#234 = CARTESIAN_POINT ( 'NONE',  ( -42.53222374844670384, 10.00000026678289977, 0.000000000000000000 ) ) ;
#235 = VECTOR ( 'NONE', #244, 1000.000000000000114 ) ;
#236 = ORIENTED_EDGE ( 'NONE', *, *, #2031, .T. ) ;
#237 = EDGE_LOOP ( 'NONE', ( #730, #1310, #2637, #1588 ) ) ;
#238 = VECTOR ( 'NONE', #1346, 1000.000000000000114 ) ;
#239 = DIRECTION ( 'NONE',  ( -0.000000000000000000, -1.000000000000000000, -0.000000000000000000 ) ) ;
#240 = LINE ( 'NONE', #2010, #72 ) ;
#241 = FACE_OUTER_BOUND ( 'NONE', #1391, .T. ) ;
#242 = ADVANCED_FACE ( 'NONE', ( #1571 ), #1368, .F. ) ;
#243 = ORIENTED_EDGE ( 'NONE', *, *, #2480, .T. ) ;
#244 = DIRECTION ( 'NONE',  ( -0.04267275147541720048, -0.9990891032743360878, 0.000000000000000000 ) ) ;
#245 = DIRECTION ( 'NONE',  ( 0.000000000000000000, -0.5150380749100544886, -0.8571673007021121116 ) ) ;
#246 = ORIENTED_EDGE ( 'NONE', *, *, #736, .F. ) ;
#247 = EDGE_LOOP ( 'NONE', ( #1733, #2790, #2785, #970 ) ) ;
#248 = CARTESIAN_POINT ( 'NONE',  ( -33.24999999644330018, -1.530808498934181463E-16, 108.7000000000000028 ) ) ;
#249 = CARTESIAN_POINT ( 'NONE',  ( -27.22955519710679795, 10.47866388408450078, 0.000000000000000000 ) ) ;
#250 = DIRECTION ( 'NONE',  ( 0.000000000000000000, 0.000000000000000000, -1.000000000000000000 ) ) ;
#251 = DIRECTION ( 'NONE',  ( 0.000000000000000000, 0.000000000000000000, -1.000000000000000000 ) ) ;
#252 = EDGE_CURVE ( 'NONE', #848, #2522, #755, .T. ) ;
#253 = EDGE_LOOP ( 'NONE', ( #101, #1864, #115, #1261 ) ) ;
#254 = DIRECTION ( 'NONE',  ( 1.000000000000000000, 0.000000000000000000, 0.000000000000000000 ) ) ;
#255 = DIRECTION ( 'NONE',  ( 0.000000000000000000, 0.000000000000000000, -1.000000000000000000 ) ) ;
#256 = EDGE_LOOP ( 'NONE', ( #2775, #1711, #1747, #156 ) ) ;
#257 = UNCERTAINTY_MEASURE_WITH_UNIT (LENGTH_MEASURE( 1.000000000000000082E-05 ), #704, 'distance_accuracy_value', 'NONE');
#258 = EDGE_CURVE ( 'NONE', #2071, #959, #1314, .T. ) ;
#259 = DIRECTION ( 'NONE',  ( 0.000000000000000000, 0.000000000000000000, -1.000000000000000000 ) ) ;
#260 = ADVANCED_FACE ( 'NONE', ( #241 ), #1105, .T. ) ;
#261 = PERSON_AND_ORGANIZATION ( #2312, #2047 ) ;
#262 = EDGE_CURVE ( 'NONE', #855, #2224, #1906, .T. ) ;
#263 = CARTESIAN_POINT ( 'NONE',  ( -7.029555465120798985, 10.47866397109769920, 0.000000000000000000 ) ) ;
#264 = DIRECTION ( 'NONE',  ( 0.000000000000000000, 0.000000000000000000, -1.000000000000000000 ) ) ;
#265 = DIRECTION ( 'NONE',  ( 1.000000000000000000, 0.000000000000000000, 0.000000000000000000 ) ) ;
#266 = DIRECTION ( 'NONE',  ( -0.04267277775004078844, -0.9990891021521031146, 0.000000000000000000 ) ) ;
#267 = VERTEX_POINT ( 'NONE', #2113 ) ;
#268 = DIRECTION ( 'NONE',  ( -1.000000000000000000, 0.000000000000000000, 0.000000000000000000 ) ) ;
#269 = CIRCLE ( 'NONE', #488, 0.5000002159603750274 ) ;
#270 =( NAMED_UNIT ( * ) PLANE_ANGLE_UNIT ( ) SI_UNIT ( $, .RADIAN. ) );
#271 = VECTOR ( 'NONE', #2129, 1000.000000000000114 ) ;
#272 = DIRECTION ( 'NONE',  ( -0.04267277775004078844, -0.9990891021521031146, 0.000000000000000000 ) ) ;
#273 = FACE_OUTER_BOUND ( 'NONE', #2106, .T. ) ;
#274 = ORIENTED_EDGE ( 'NONE', *, *, #995, .T. ) ;
#275 = AXIS2_PLACEMENT_3D ( 'NONE', #433, #1688, #447 ) ;
#276 = ADVANCED_FACE ( 'NONE', ( #106 ), #1242, .F. ) ;
#277 = CARTESIAN_POINT ( 'NONE',  ( 22.77090038667759941, 10.49999894147659951, 118.0000000000000000 ) ) ;
#278 = CIRCLE ( 'NONE', #2746, 0.4999997164158512253 ) ;
#279 = DIRECTION ( 'NONE',  ( -0.06651903240569630171, -0.9977851563978139549, 0.000000000000000000 ) ) ;
#280 = CIRCLE ( 'NONE', #2740, 1.250000000000001110 ) ;
#281 = DIRECTION ( 'NONE',  ( 0.000000000000000000, 0.000000000000000000, -1.000000000000000000 ) ) ;
#282 = ORIENTED_EDGE ( 'NONE', *, *, #1992, .T. ) ;
#283 = EDGE_CURVE ( 'NONE', #1746, #2149, #2144, .T. ) ;
#284 = CARTESIAN_POINT ( 'NONE',  ( -33.24999999644330018, 8.500000000000000000, 107.4500000000000028 ) ) ;
#285 = ORIENTED_EDGE ( 'NONE', *, *, #1296, .F. ) ;
#286 = FACE_OUTER_BOUND ( 'NONE', #1166, .T. ) ;
#287 = EDGE_CURVE ( 'NONE', #1252, #2845, #1890, .T. ) ;
#288 = CARTESIAN_POINT ( 'NONE',  ( 7.029555767775599762, 10.47866336322340075, 0.000000000000000000 ) ) ;
#289 = EDGE_LOOP ( 'NONE', ( #2750, #1010, #2481, #1397 ) ) ;
#290 = CARTESIAN_POINT ( 'NONE',  ( -13.54999999644330622, 2.755455298081549092E-17, 63.70000000000000995 ) ) ;
#291 = ORIENTED_EDGE ( 'NONE', *, *, #2880, .F. ) ;
#292 = VERTEX_POINT ( 'NONE', #2719 ) ;
#293 = ORIENTED_EDGE ( 'NONE', *, *, #120, .F. ) ;
#294 = ORIENTED_EDGE ( 'NONE', *, *, #2903, .T. ) ;
#295 = CARTESIAN_POINT ( 'NONE',  ( -7.529099748446600238, 10.00000026678289977, 50.00000000000000000 ) ) ;
#296 = ORIENTED_EDGE ( 'NONE', *, *, #1762, .F. ) ;
#297 = PRODUCT_DEFINITION ( 'UNKNOWN', '', #2558, #95 ) ;
#298 = CARTESIAN_POINT ( 'NONE',  ( -43.03111605339739754, 10.46674094082549900, 50.00000000000000000 ) ) ;
#299 = FACE_OUTER_BOUND ( 'NONE', #644, .T. ) ;
#300 = ADVANCED_FACE ( 'NONE', ( #897 ), #1624, .T. ) ;
#301 = ORIENTED_EDGE ( 'NONE', *, *, #1723, .T. ) ;
#302 = CARTESIAN_POINT ( 'NONE',  ( 50.00000000355680640, 39.25000000170309988, 118.0000000000000000 ) ) ;
#303 = DIRECTION ( 'NONE',  ( -0.9990891036309265116, -0.04267274312663629082, 0.000000000000000000 ) ) ;
#304 = ORIENTED_EDGE ( 'NONE', *, *, #931, .F. ) ;
#305 = EDGE_LOOP ( 'NONE', ( #343, #616, #604, #1886 ) ) ;
#306 = VERTEX_POINT ( 'NONE', #721 ) ;
#307 = ORIENTED_EDGE ( 'NONE', *, *, #710, .T. ) ;
#308 = CARTESIAN_POINT ( 'NONE',  ( 17.62910038667759949, 9.999999225060699715, 0.000000000000000000 ) ) ;
#309 = VECTOR ( 'NONE', #1966, 1000.000000000000114 ) ;
#310 = AXIS2_PLACEMENT_3D ( 'NONE', #2650, #429, #464 ) ;
#311 = CARTESIAN_POINT ( 'NONE',  ( -13.54999999644330799, 9.251075773784451783, 63.70000000000000995 ) ) ;
#312 = CARTESIAN_POINT ( 'NONE',  ( -3.070444465120900190, 10.47866397109769920, 50.00000000000000000 ) ) ;
#313 = AXIS2_PLACEMENT_3D ( 'NONE', #2135, #2322, #750 ) ;
#314 = CIRCLE ( 'NONE', #905, 0.4999999999999796274 ) ;
#315 = ORIENTED_EDGE ( 'NONE', *, *, #866, .F. ) ;
#316 = VERTEX_POINT ( 'NONE', #1191 ) ;
#317 = VECTOR ( 'NONE', #592, 1000.000000000000000 ) ;
#318 = DIRECTION ( 'NONE',  ( 0.000000000000000000, 0.000000000000000000, -1.000000000000000000 ) ) ;
#319 = AXIS2_PLACEMENT_3D ( 'NONE', #847, #1744, #21 ) ;
#320 = VERTEX_POINT ( 'NONE', #978 ) ;
#321 = FACE_OUTER_BOUND ( 'NONE', #46, .T. ) ;
#322 = ORIENTED_EDGE ( 'NONE', *, *, #2346, .F. ) ;
#323 = ORIENTED_EDGE ( 'NONE', *, *, #1071, .F. ) ;
#324 = DIRECTION ( 'NONE',  ( -1.000000000000000000, 0.000000000000000000, 0.000000000000000000 ) ) ;
#325 = DIRECTION ( 'NONE',  ( -1.000000000000000000, 0.000000000000000000, 0.000000000000000000 ) ) ;
#326 = DIRECTION ( 'NONE',  ( -0.000000000000000000, -1.000000000000000000, -0.000000000000000000 ) ) ;
#327 = CARTESIAN_POINT ( 'NONE',  ( 7.529100319115400453, 10.49999974592179974, 50.00000000000000000 ) ) ;
#328 = ORIENTED_EDGE ( 'NONE', *, *, #1272, .T. ) ;
#329 = LINE ( 'NONE', #2118, #1090 ) ;
#330 = ORIENTED_EDGE ( 'NONE', *, *, #609, .F. ) ;
#331 = EDGE_CURVE ( 'NONE', #631, #666, #1656, .T. ) ;
#332 = CARTESIAN_POINT ( 'NONE',  ( 37.82910052180189808, 10.49999839929889944, 50.00000000000000000 ) ) ;
#333 = APPROVAL_DATE_TIME ( #2528, #1499 ) ;
#334 = ORIENTED_EDGE ( 'NONE', *, *, #2138, .T. ) ;
#335 = ORIENTED_EDGE ( 'NONE', *, *, #1768, .T. ) ;
#336 = EDGE_CURVE ( 'NONE', #2384, #1836, #1732, .T. ) ;
#337 = DIRECTION ( 'NONE',  ( 0.000000000000000000, 0.000000000000000000, -1.000000000000000000 ) ) ;
#338 = DIRECTION ( 'NONE',  ( 0.000000000000000000, 0.000000000000000000, -1.000000000000000000 ) ) ;
#339 = FACE_OUTER_BOUND ( 'NONE', #944, .T. ) ;
#340 = ORIENTED_EDGE ( 'NONE', *, *, #639, .F. ) ;
#341 = CARTESIAN_POINT ( 'NONE',  ( -13.54999999644330622, 2.755455298081549092E-17, 64.95000000000000284 ) ) ;
#342 = DIRECTION ( 'NONE',  ( 0.04267275147541910174, 0.9990891032743360878, 0.000000000000000000 ) ) ;
#343 = ORIENTED_EDGE ( 'NONE', *, *, #2346, .T. ) ;
#344 = DIRECTION ( 'NONE',  ( 0.04267275147541719355, -0.9990891032743360878, 0.000000000000000000 ) ) ;
#345 = CC_DESIGN_DATE_AND_TIME_ASSIGNMENT ( #1433, #2331, ( #1767 ) ) ;
#346 = ORIENTED_EDGE ( 'NONE', *, *, #2292, .F. ) ;
#347 = DIRECTION ( 'NONE',  ( -0.000000000000000000, -1.000000000000000000, -0.000000000000000000 ) ) ;
#348 = ADVANCED_FACE ( 'NONE', ( #1908 ), #1086, .F. ) ;
#349 = DIRECTION ( 'NONE',  ( 0.000000000000000000, 0.000000000000000000, -1.000000000000000000 ) ) ;
#350 = CARTESIAN_POINT ( 'NONE',  ( 23.27044467000339623, 10.47866292937549915, 50.00000000000000000 ) ) ;
#351 = LINE ( 'NONE', #553, #1607 ) ;
#352 = EDGE_CURVE ( 'NONE', #2776, #2016, #2799, .T. ) ;
#353 = AXIS2_PLACEMENT_3D ( 'NONE', #2508, #691, #60 ) ;
#354 = ORIENTED_EDGE ( 'NONE', *, *, #738, .F. ) ;
#355 = VECTOR ( 'NONE', #2760, 1000.000000000000000 ) ;
#356 = FACE_OUTER_BOUND ( 'NONE', #305, .T. ) ;
#357 = ADVANCED_FACE ( 'NONE', ( #2347 ), #85, .F. ) ;
#358 = ORIENTED_EDGE ( 'NONE', *, *, #287, .F. ) ;
#359 = AXIS2_PLACEMENT_3D ( 'NONE', #481, #2021, #1140 ) ;
#360 = AXIS2_PLACEMENT_3D ( 'NONE', #2134, #1015, #1909 ) ;
#361 = DIRECTION ( 'NONE',  ( -0.000000000000000000, -1.000000000000000000, -0.000000000000000000 ) ) ;
#362 = AXIS2_PLACEMENT_3D ( 'NONE', #1712, #1549, #2870 ) ;
#363 = VECTOR ( 'NONE', #1104, 1000.000000000000000 ) ;
#364 = EDGE_LOOP ( 'NONE', ( #2832, #1773, #441, #930 ) ) ;
#365 = CARTESIAN_POINT ( 'NONE',  ( -49.24999999644330018, 40.00000000170310699, 50.00000000000000000 ) ) ;
#366 = CYLINDRICAL_SURFACE ( 'NONE', #2037, 0.4999999999999796274 ) ;
#367 = ADVANCED_FACE ( 'NONE', ( #2887 ), #1197, .F. ) ;
#368 = DIRECTION ( 'NONE',  ( -0.000000000000000000, -1.000000000000000000, -0.000000000000000000 ) ) ;
#369 = LINE ( 'NONE', #2862, #1759 ) ;
#370 = ORIENTED_EDGE ( 'NONE', *, *, #283, .T. ) ;
#371 = VERTEX_POINT ( 'NONE', #2469 ) ;
#372 = EDGE_CURVE ( 'NONE', #390, #1440, #2784, .T. ) ;
#373 = CARTESIAN_POINT ( 'NONE',  ( 17.62910038667759949, 10.49999944102120075, 50.00000000000000000 ) ) ;
#374 = LINE ( 'NONE', #2151, #363 ) ;
#375 = VERTEX_POINT ( 'NONE', #86 ) ;
#376 = ORIENTED_EDGE ( 'NONE', *, *, #1781, .F. ) ;
#377 = DIRECTION ( 'NONE',  ( 0.000000000000000000, 0.000000000000000000, -1.000000000000000000 ) ) ;
#378 = ORIENTED_EDGE ( 'NONE', *, *, #2519, .T. ) ;
#379 = PLANE ( 'NONE',  #2261 ) ;
#380 = DIRECTION ( 'NONE',  ( -0.9977851575503656756, -0.06651901511742400186, 0.000000000000000000 ) ) ;
#381 = ORIENTED_EDGE ( 'NONE', *, *, #1269, .T. ) ;
#382 = LINE ( 'NONE', #2177, #1378 ) ;
#383 = LINE ( 'NONE', #2612, #535 ) ;
#384 = DIRECTION ( 'NONE',  ( 0.000000000000000000, -1.000000000000000000, 0.000000000000000000 ) ) ;
#385 = CC_DESIGN_PERSON_AND_ORGANIZATION_ASSIGNMENT ( #893, #2693, ( #297 ) ) ;
#386 = VERTEX_POINT ( 'NONE', #510 ) ;
#387 = DIRECTION ( 'NONE',  ( 1.049727191138618449E-16, -0.5150380749100544886, 0.8571673007021121116 ) ) ;
#388 = DIRECTION ( 'NONE',  ( 1.000000000000000000, 0.000000000000000000, 0.000000000000000000 ) ) ;
#389 = ADVANCED_FACE ( 'NONE', ( #2032 ), #1173, .F. ) ;
#390 = VERTEX_POINT ( 'NONE', #1160 ) ;
#391 = ORIENTED_EDGE ( 'NONE', *, *, #665, .F. ) ;
#392 = CARTESIAN_POINT ( 'NONE',  ( 42.53222352180199550, 9.999998183338499658, 118.0000000000000000 ) ) ;
#393 = EDGE_LOOP ( 'NONE', ( #2587, #1570, #1279, #34 ) ) ;
#394 = VERTEX_POINT ( 'NONE', #2711 ) ;
#395 = DIRECTION ( 'NONE',  ( 1.000000000000000000, 0.000000000000000000, 0.000000000000000000 ) ) ;
#396 = DIRECTION ( 'NONE',  ( 1.000000000000000000, 0.000000000000000000, 0.000000000000000000 ) ) ;
#397 = LINE ( 'NONE', #1028, #1134 ) ;
#398 = CYLINDRICAL_SURFACE ( 'NONE', #814, 1.250000000000001110 ) ;
#399 = ORIENTED_EDGE ( 'NONE', *, *, #287, .T. ) ;
#400 = AXIS2_PLACEMENT_3D ( 'NONE', #1459, #1918, #918 ) ;
#401 = DIRECTION ( 'NONE',  ( -1.000000000000000000, 0.000000000000000000, 0.000000000000000000 ) ) ;
#402 = DIRECTION ( 'NONE',  ( 0.000000000000000000, 0.000000000000000000, -1.000000000000000000 ) ) ;
#403 = CIRCLE ( 'NONE', #715, 0.4999999999999813483 ) ;
#404 = VERTEX_POINT ( 'NONE', #694 ) ;
#405 = AXIS2_PLACEMENT_3D ( 'NONE', #1598, #2701, #254 ) ;
#406 = ADVANCED_FACE ( 'NONE', ( #1845 ), #2404, .F. ) ;
#407 = DIRECTION ( 'NONE',  ( 0.000000000000000000, 0.000000000000000000, -1.000000000000000000 ) ) ;
#408 = FACE_BOUND ( 'NONE', #2854, .T. ) ;
#409 = VECTOR ( 'NONE', #1639, 1000.000000000000000 ) ;
#410 = CIRCLE ( 'NONE', #2043, 0.5000000000000108802 ) ;
#411 = AXIS2_PLACEMENT_3D ( 'NONE', #2539, #121, #1670 ) ;
#412 = EDGE_CURVE ( 'NONE', #2324, #963, #1, .T. ) ;
#413 = CIRCLE ( 'NONE', #2046, 0.7499999999999797939 ) ;
#414 = LINE ( 'NONE', #1273, #317 ) ;
#415 = VECTOR ( 'NONE', #2787, 1000.000000000000114 ) ;
#416 = ORIENTED_EDGE ( 'NONE', *, *, #1350, .F. ) ;
#417 = DIRECTION ( 'NONE',  ( 0.000000000000000000, 0.000000000000000000, 1.000000000000000000 ) ) ;
#418 = DIRECTION ( 'NONE',  ( 0.000000000000000000, 0.000000000000000000, -1.000000000000000000 ) ) ;
#419 = ORIENTED_EDGE ( 'NONE', *, *, #2567, .T. ) ;
#420 = VERTEX_POINT ( 'NONE', #1479 ) ;
#421 = CARTESIAN_POINT ( 'NONE',  ( -35.34999974844669879, 39.25000026678289800, 0.000000000000000000 ) ) ;
#422 = CARTESIAN_POINT ( 'NONE',  ( -44.95332605339750387, 39.29988894082550388, 50.00000000000000000 ) ) ;
#423 = DIRECTION ( 'NONE',  ( -1.000000000000000000, 0.000000000000000000, 0.000000000000000000 ) ) ;
#424 = ORIENTED_EDGE ( 'NONE', *, *, #557, .F. ) ;
#425 = ORIENTED_EDGE ( 'NONE', *, *, #1529, .F. ) ;
#426 = CARTESIAN_POINT ( 'NONE',  ( 5.050000319115500069, 39.24999974592180507, 0.000000000000000000 ) ) ;
#427 = EDGE_CURVE ( 'NONE', #1470, #1853, #490, .T. ) ;
#428 = EDGE_LOOP ( 'NONE', ( #975, #858, #2214, #274 ) ) ;
#429 = DIRECTION ( 'NONE',  ( 0.000000000000000000, 0.000000000000000000, -1.000000000000000000 ) ) ;
#430 = ADVANCED_FACE ( 'NONE', ( #1935 ), #1970, .F. ) ;
#431 = EDGE_LOOP ( 'NONE', ( #1524, #2035, #559 ) ) ;
#432 = LINE ( 'NONE', #459, #2268 ) ;
#433 = CARTESIAN_POINT ( 'NONE',  ( 40.25000000355680640, 8.500000000000000000, 33.69999999999999574 ) ) ;
#434 = ORIENTED_EDGE ( 'NONE', *, *, #148, .F. ) ;
#435 = VERTEX_POINT ( 'NONE', #1271 ) ;
#436 = ORIENTED_EDGE ( 'NONE', *, *, #2207, .F. ) ;
#437 = CARTESIAN_POINT ( 'NONE',  ( -49.99999999644330018, 39.25000000170309988, 0.000000000000000000 ) ) ;
#438 = DIRECTION ( 'NONE',  ( 0.000000000000000000, 0.000000000000000000, -1.000000000000000000 ) ) ;
#439 = ORIENTED_EDGE ( 'NONE', *, *, #690, .F. ) ;
#440 = CARTESIAN_POINT ( 'NONE',  ( -38.24999999644330018, 8.500000000000000000, 34.95000000000000995 ) ) ;
#441 = ORIENTED_EDGE ( 'NONE', *, *, #2332, .T. ) ;
#442 = ADVANCED_FACE ( 'NONE', ( #183 ), #849, .T. ) ;
#443 = CARTESIAN_POINT ( 'NONE',  ( 20.24000000355669471, 2.755455298081549092E-17, 63.70000000000001705 ) ) ;
#444 = VERTEX_POINT ( 'NONE', #232 ) ;
#445 = DIRECTION ( 'NONE',  ( -0.000000000000000000, -1.000000000000000000, -0.000000000000000000 ) ) ;
#446 = EDGE_CURVE ( 'NONE', #1853, #2079, #835, .T. ) ;
#447 = DIRECTION ( 'NONE',  ( 0.000000000000000000, 0.000000000000000000, -1.000000000000000000 ) ) ;
#448 = VERTEX_POINT ( 'NONE', #249 ) ;
#449 = DIRECTION ( 'NONE',  ( 0.04267274312663629776, -0.9990891036309265116, 0.000000000000000000 ) ) ;
#450 = DIRECTION ( 'NONE',  ( -0.000000000000000000, -1.000000000000000000, -0.000000000000000000 ) ) ;
#451 = DIRECTION ( 'NONE',  ( 0.000000000000000000, 0.000000000000000000, -1.000000000000000000 ) ) ;
#452 = CARTESIAN_POINT ( 'NONE',  ( -45.70166499644329861, 40.00000000170310699, 50.00000000000000000 ) ) ;
#453 = CIRCLE ( 'NONE', #1883, 0.7500000000000284217 ) ;
#454 = ORIENTED_EDGE ( 'NONE', *, *, #1977, .T. ) ;
#455 = VECTOR ( 'NONE', #1474, 1000.000000000000000 ) ;
#456 = AXIS2_PLACEMENT_3D ( 'NONE', #707, #1087, #1996 ) ;
#457 = AXIS2_PLACEMENT_3D ( 'NONE', #2713, #2471, #2726 ) ;
#458 = VECTOR ( 'NONE', #1679, 1000.000000000000000 ) ;
#459 = CARTESIAN_POINT ( 'NONE',  ( 27.22955567000339983, 10.47866292937549915, 50.00000000000000000 ) ) ;
#460 = DIRECTION ( 'NONE',  ( 0.000000000000000000, 0.000000000000000000, 1.000000000000000000 ) ) ;
#461 = AXIS2_PLACEMENT_3D ( 'NONE', #2588, #2127, #2391 ) ;
#462 = CIRCLE ( 'NONE', #1764, 0.7500001910093357926 ) ;
#463 = EDGE_CURVE ( 'NONE', #1585, #1199, #1734, .T. ) ;
#464 = DIRECTION ( 'NONE',  ( -1.000000000000000000, 0.000000000000000000, 0.000000000000000000 ) ) ;
#465 = CARTESIAN_POINT ( 'NONE',  ( 40.25000000355681351, 0.000000000000000000, 108.6999999999999886 ) ) ;
#466 = DIRECTION ( 'NONE',  ( 0.000000000000000000, 0.000000000000000000, -1.000000000000000000 ) ) ;
#467 = EDGE_CURVE ( 'NONE', #813, #448, #659, .T. ) ;
#468 = ORIENTED_EDGE ( 'NONE', *, *, #595, .T. ) ;
#469 = CARTESIAN_POINT ( 'NONE',  ( -38.24999999644330018, -1.530808498934181463E-16, 32.45000000000000995 ) ) ;
#470 = CALENDAR_DATE ( 2023, 9, 2 ) ;
#471 = FACE_OUTER_BOUND ( 'NONE', #1246, .T. ) ;
#472 = LINE ( 'NONE', #706, #2510 ) ;
#473 = CARTESIAN_POINT ( 'NONE',  ( 40.25000000355681351, -1.530808498934181463E-16, 108.6999999999999886 ) ) ;
#474 = DIRECTION ( 'NONE',  ( -1.000000000000000000, 0.000000000000000000, 0.000000000000000000 ) ) ;
#475 = EDGE_LOOP ( 'NONE', ( #2215, #1354, #1915 ) ) ;
#476 = DIRECTION ( 'NONE',  ( -0.000000000000000000, -1.000000000000000000, -0.000000000000000000 ) ) ;
#477 = EDGE_CURVE ( 'NONE', #807, #1461, #1334, .T. ) ;
#478 = ADVANCED_FACE ( 'NONE', ( #1079 ), #904, .F. ) ;
#479 = DIRECTION ( 'NONE',  ( 0.000000000000000000, 0.000000000000000000, -1.000000000000000000 ) ) ;
#480 = DIRECTION ( 'NONE',  ( 0.000000000000000000, 0.000000000000000000, -1.000000000000000000 ) ) ;
#481 = CARTESIAN_POINT ( 'NONE',  ( -12.67089974844670053, 10.50000026678289977, 50.00000000000000000 ) ) ;
#482 = ORIENTED_EDGE ( 'NONE', *, *, #1110, .T. ) ;
#483 = DIRECTION ( 'NONE',  ( 0.000000000000000000, 0.000000000000000000, -1.000000000000000000 ) ) ;
#484 = CARTESIAN_POINT ( 'NONE',  ( 36.09931756457540075, 39.28200298256199829, 118.0000000000000000 ) ) ;
#485 = VERTEX_POINT ( 'NONE', #1066 ) ;
#486 = CARTESIAN_POINT ( 'NONE',  ( 40.25000000355680640, 0.000000000000000000, 34.94999999999999574 ) ) ;
#487 = ADVANCED_FACE ( 'NONE', ( #179 ), #2066, .F. ) ;
#488 = AXIS2_PLACEMENT_3D ( 'NONE', #1336, #2871, #1745 ) ;
#489 = ORIENTED_EDGE ( 'NONE', *, *, #2191, .F. ) ;
#490 = CIRCLE ( 'NONE', #174, 1.250000000000001110 ) ;
#491 = ADVANCED_FACE ( 'NONE', ( #20 ), #1832, .F. ) ;
#492 = DIRECTION ( 'NONE',  ( -1.000000000000000000, 0.000000000000000000, 0.000000000000000000 ) ) ;
#493 = AXIS2_PLACEMENT_3D ( 'NONE', #2805, #782, #318 ) ;
#494 = AXIS2_PLACEMENT_3D ( 'NONE', #879, #1774, #1546 ) ;
#495 = DIRECTION ( 'NONE',  ( 0.000000000000000000, 0.000000000000000000, -1.000000000000000000 ) ) ;
#496 = ORIENTED_EDGE ( 'NONE', *, *, #2786, .T. ) ;
#497 = AXIS2_PLACEMENT_3D ( 'NONE', #1113, #1544, #495 ) ;
#498 = AXIS2_PLACEMENT_3D ( 'NONE', #2236, #887, #1531 ) ;
#499 = CYLINDRICAL_SURFACE ( 'NONE', #2124, 1.250000000000001110 ) ;
#500 = CIRCLE ( 'NONE', #1706, 1.250000000000001110 ) ;
#501 = CARTESIAN_POINT ( 'NONE',  ( 34.60068391055579440, 39.28200298256199829, 0.000000000000000000 ) ) ;
#502 = VECTOR ( 'NONE', #1108, 1000.000000000000114 ) ;
#503 = CARTESIAN_POINT ( 'NONE',  ( -33.37044429978649873, 10.47866388408450078, 0.000000000000000000 ) ) ;
#504 = VERTEX_POINT ( 'NONE', #921 ) ;
#505 = ORIENTED_EDGE ( 'NONE', *, *, #746, .T. ) ;
#506 = PERSON_AND_ORGANIZATION_ROLE ( 'classification_officer' ) ;
#507 = FACE_OUTER_BOUND ( 'NONE', #1922, .T. ) ;
#508 = ADVANCED_FACE ( 'NONE', ( #2282 ), #701, .F. ) ;
#509 = ORIENTED_EDGE ( 'NONE', *, *, #1779, .T. ) ;
#510 = CARTESIAN_POINT ( 'NONE',  ( -32.87089974844669626, 10.00000026678289977, 118.0000000000000000 ) ) ;
#511 = FACE_OUTER_BOUND ( 'NONE', #524, .T. ) ;
#512 = EDGE_CURVE ( 'NONE', #805, #566, #1731, .T. ) ;
#513 = CARTESIAN_POINT ( 'NONE',  ( -7.529099748446600238, 10.00000026678289977, 118.0000000000000000 ) ) ;
#514 = CARTESIAN_POINT ( 'NONE',  ( 27.72910045423970260, 10.49999892015999947, 50.00000000000000000 ) ) ;
#515 = EDGE_CURVE ( 'NONE', #394, #129, #2589, .T. ) ;
#516 = ORIENTED_EDGE ( 'NONE', *, *, #1085, .T. ) ;
#517 = ORIENTED_EDGE ( 'NONE', *, *, #258, .F. ) ;
#518 = DIRECTION ( 'NONE',  ( -1.000000000000000000, 0.000000000000000000, 0.000000000000000000 ) ) ;
#519 = CARTESIAN_POINT ( 'NONE',  ( 36.09931756457540075, 39.28200298256199829, 50.00000000000000000 ) ) ;
#520 = CARTESIAN_POINT ( 'NONE',  ( -49.24999999644330018, 39.25000000170309988, 50.00000000000000000 ) ) ;
#521 = EDGE_CURVE ( 'NONE', #2071, #1585, #562, .T. ) ;
#522 = CARTESIAN_POINT ( 'NONE',  ( -6.446305635548200463, 24.13417409446959994, 118.0000000000000000 ) ) ;
#523 = DIRECTION ( 'NONE',  ( 0.000000000000000000, 0.000000000000000000, -1.000000000000000000 ) ) ;
#524 = EDGE_LOOP ( 'NONE', ( #1399, #1573, #2764, #118 ) ) ;
#525 = CARTESIAN_POINT ( 'NONE',  ( -13.54999999644330622, 8.500000000000000000, 62.45000000000000284 ) ) ;
#526 = ORIENTED_EDGE ( 'NONE', *, *, #336, .F. ) ;
#527 = FACE_OUTER_BOUND ( 'NONE', #2723, .T. ) ;
#528 = ORIENTED_EDGE ( 'NONE', *, *, #1876, .F. ) ;
#529 = VERTEX_POINT ( 'NONE', #2345 ) ;
#530 = DIRECTION ( 'NONE',  ( 0.000000000000000000, 0.000000000000000000, 1.000000000000000000 ) ) ;
#531 = AXIS2_PLACEMENT_3D ( 'NONE', #55, #719, #451 ) ;
#532 = VECTOR ( 'NONE', #449, 1000.000000000000114 ) ;
#533 = CYLINDRICAL_SURFACE ( 'NONE', #2891, 0.7499999999999937828 ) ;
#534 = LINE ( 'NONE', #1408, #998 ) ;
#535 = VECTOR ( 'NONE', #1260, 1000.000000000000000 ) ;
#536 = CARTESIAN_POINT ( 'NONE',  ( -49.99999999644330018, 0.7500000017030411525, 118.0000000000000000 ) ) ;
#537 = VECTOR ( 'NONE', #822, 1000.000000000000000 ) ;
#538 = EDGE_CURVE ( 'NONE', #435, #2804, #1220, .T. ) ;
#539 = ORIENTED_EDGE ( 'NONE', *, *, #1936, .T. ) ;
#540 = ORIENTED_EDGE ( 'NONE', *, *, #1958, .T. ) ;
#541 = VECTOR ( 'NONE', #1846, 1000.000000000000000 ) ;
#542 = CIRCLE ( 'NONE', #1520, 0.4999999999999813483 ) ;
#543 = CARTESIAN_POINT ( 'NONE',  ( 2.570900319115500210, 10.49999974592179974, 0.000000000000000000 ) ) ;
#544 = APPROVAL_PERSON_ORGANIZATION ( #714, #1499, #1885 ) ;
#545 = ADVANCED_FACE ( 'NONE', ( #1907 ), #366, .F. ) ;
#546 = AXIS2_PLACEMENT_3D ( 'NONE', #1954, #2635, #2201 ) ;
#547 = ORIENTED_EDGE ( 'NONE', *, *, #571, .T. ) ;
#548 = FACE_OUTER_BOUND ( 'NONE', #2780, .T. ) ;
#549 = APPROVAL_DATE_TIME ( #2734, #2858 ) ;
#550 = EDGE_LOOP ( 'NONE', ( #2878, #1976, #2431, #539 ) ) ;
#551 = DIRECTION ( 'NONE',  ( 0.000000000000000000, 0.000000000000000000, -1.000000000000000000 ) ) ;
#552 = DIRECTION ( 'NONE',  ( 0.000000000000000000, 0.000000000000000000, -1.000000000000000000 ) ) ;
#553 = CARTESIAN_POINT ( 'NONE',  ( 5.799317319115499636, 39.28200474592179603, 0.000000000000000000 ) ) ;
#554 = ORIENTED_EDGE ( 'NONE', *, *, #1272, .F. ) ;
#555 = CARTESIAN_POINT ( 'NONE',  ( -5.799316292130700212, 39.28200454514540496, 50.00000000000000000 ) ) ;
#556 = EDGE_LOOP ( 'NONE', ( #1635, #304, #881, #328 ) ) ;
#557 = EDGE_CURVE ( 'NONE', #1626, #2224, #1243, .T. ) ;
#558 = DIRECTION ( 'NONE',  ( 0.000000000000000000, 0.000000000000000000, -1.000000000000000000 ) ) ;
#559 = ORIENTED_EDGE ( 'NONE', *, *, #2464, .T. ) ;
#560 = ADVANCED_FACE ( 'NONE', ( #1364 ), #2216, .F. ) ;
#561 = CARTESIAN_POINT ( 'NONE',  ( -24.50068274844660365, 39.28200526678289606, 118.0000000000000000 ) ) ;
#562 = LINE ( 'NONE', #1449, #2451 ) ;
#563 = CARTESIAN_POINT ( 'NONE',  ( -42.53222374844670384, 10.49999996115520062, 0.000000000000000000 ) ) ;
#564 = CARTESIAN_POINT ( 'NONE',  ( 42.53222352180199550, 10.49999818333849966, 118.0000000000000000 ) ) ;
#565 = CARTESIAN_POINT ( 'NONE',  ( -17.62909974844670202, 10.00000026678289977, 0.000000000000000000 ) ) ;
#566 = VERTEX_POINT ( 'NONE', #2329 ) ;
#567 = CYLINDRICAL_SURFACE ( 'NONE', #1337, 0.5000000000000091038 ) ;
#568 = EDGE_CURVE ( 'NONE', #2071, #1617, #453, .T. ) ;
#569 = LINE ( 'NONE', #2174, #1947 ) ;
#570 = DIRECTION ( 'NONE',  ( 0.04267274312663629776, -0.9990891036309265116, 0.000000000000000000 ) ) ;
#571 = EDGE_CURVE ( 'NONE', #1486, #2573, #1946, .T. ) ;
#572 = AXIS2_PLACEMENT_3D ( 'NONE', #2383, #97, #342 ) ;
#573 = DIRECTION ( 'NONE',  ( -1.000000000000000000, 0.000000000000000000, 0.000000000000000000 ) ) ;
#574 = LINE ( 'NONE', #2393, #1798 ) ;
#575 = CARTESIAN_POINT ( 'NONE',  ( -37.82909974844670131, 10.00000026678289977, 50.00000000000000000 ) ) ;
#576 = VECTOR ( 'NONE', #859, 1000.000000000000114 ) ;
#577 = ORIENTED_EDGE ( 'NONE', *, *, #1441, .F. ) ;
#578 = FACE_OUTER_BOUND ( 'NONE', #1203, .T. ) ;
#579 = CIRCLE ( 'NONE', #493, 1.250000000000001110 ) ;
#580 = CARTESIAN_POINT ( 'NONE',  ( 15.89931742945109860, 39.28200402428429783, 0.000000000000000000 ) ) ;
#581 = AXIS2_PLACEMENT_3D ( 'NONE', #563, #2756, #1638 ) ;
#582 = DIRECTION ( 'NONE',  ( 0.000000000000000000, 0.000000000000000000, -1.000000000000000000 ) ) ;
#583 = ORIENTED_EDGE ( 'NONE', *, *, #1920, .F. ) ;
#584 = AXIS2_PLACEMENT_3D ( 'NONE', #2876, #2828, #2818 ) ;
#585 = EDGE_LOOP ( 'NONE', ( #1716, #1692, #1668, #1237 ) ) ;
#586 = CYLINDRICAL_SURFACE ( 'NONE', #1842, 0.5000002159604027829 ) ;
#587 = AXIS2_PLACEMENT_3D ( 'NONE', #2517, #1857, #2319 ) ;
#588 = AXIS2_PLACEMENT_3D ( 'NONE', #711, #2509, #1455 ) ;
#589 = CIRCLE ( 'NONE', #1699, 0.5000000000000108802 ) ;
#590 = VERTEX_POINT ( 'NONE', #2616 ) ;
#591 = EDGE_CURVE ( 'NONE', #855, #31, #2197, .T. ) ;
#592 = DIRECTION ( 'NONE',  ( -0.04267277775003889412, -0.9990891021521032256, 0.000000000000000000 ) ) ;
#593 = VERTEX_POINT ( 'NONE', #1031 ) ;
#594 = DIRECTION ( 'NONE',  ( 0.000000000000000000, 0.000000000000000000, -1.000000000000000000 ) ) ;
#595 = EDGE_CURVE ( 'NONE', #1765, #2606, #1758, .T. ) ;
#596 = CARTESIAN_POINT ( 'NONE',  ( -22.77089974844670195, 10.50000026678289977, 50.00000000000000000 ) ) ;
#597 = EDGE_LOOP ( 'NONE', ( #2205, #1874, #2535, #656 ) ) ;
#598 = CYLINDRICAL_SURFACE ( 'NONE', #1172, 0.5000002159604305385 ) ;
#599 = ADVANCED_FACE ( 'NONE', ( #207 ), #598, .F. ) ;
#600 = DIRECTION ( 'NONE',  ( -1.000000000000000000, 0.000000000000000000, 0.000000000000000000 ) ) ;
#601 = EDGE_LOOP ( 'NONE', ( #2165, #2351, #301, #218 ) ) ;
#602 = ORIENTED_EDGE ( 'NONE', *, *, #974, .T. ) ;
#603 = DIRECTION ( 'NONE',  ( 1.000000000000000000, 0.000000000000000000, 0.000000000000000000 ) ) ;
#604 = ORIENTED_EDGE ( 'NONE', *, *, #1332, .T. ) ;
#605 = DIRECTION ( 'NONE',  ( 0.000000000000000000, 0.000000000000000000, 1.000000000000000000 ) ) ;
#606 = LINE ( 'NONE', #350, #537 ) ;
#607 = CARTESIAN_POINT ( 'NONE',  ( 22.77090038667759941, 10.49999894147659951, 0.000000000000000000 ) ) ;
#608 = ORIENTED_EDGE ( 'NONE', *, *, #2552, .T. ) ;
#609 = EDGE_CURVE ( 'NONE', #1641, #898, #403, .T. ) ;
#610 = DIRECTION ( 'NONE',  ( 0.000000000000000000, -1.000000000000000000, 0.000000000000000000 ) ) ;
#611 = CARTESIAN_POINT ( 'NONE',  ( 37.82910052180189808, 10.49999839929889944, 118.0000000000000000 ) ) ;
#612 = CARTESIAN_POINT ( 'NONE',  ( -49.24999999644330018, 39.25000000170309988, 118.0000000000000000 ) ) ;
#613 = ORIENTED_EDGE ( 'NONE', *, *, #798, .T. ) ;
#614 = EDGE_CURVE ( 'NONE', #697, #267, #2881, .T. ) ;
#615 = CARTESIAN_POINT ( 'NONE',  ( -25.99931674844670226, 39.28200526678289606, 50.00000000000000000 ) ) ;
#616 = ORIENTED_EDGE ( 'NONE', *, *, #1839, .F. ) ;
#617 = VERTEX_POINT ( 'NONE', #437 ) ;
#618 = DIRECTION ( 'NONE',  ( 0.000000000000000000, 0.000000000000000000, -1.000000000000000000 ) ) ;
#619 = CARTESIAN_POINT ( 'NONE',  ( 40.25000000355680640, 8.500000000000000000, 34.94999999999999574 ) ) ;
#620 = DIRECTION ( 'NONE',  ( -0.000000000000000000, -1.000000000000000000, -0.000000000000000000 ) ) ;
#621 = DIRECTION ( 'NONE',  ( 0.000000000000000000, 0.000000000000000000, -1.000000000000000000 ) ) ;
#622 = VERTEX_POINT ( 'NONE', #1301 ) ;
#623 = ORIENTED_EDGE ( 'NONE', *, *, #821, .T. ) ;
#624 = VECTOR ( 'NONE', #2682, 1000.000000000000000 ) ;
#625 = ORIENTED_EDGE ( 'NONE', *, *, #446, .F. ) ;
#626 = DIRECTION ( 'NONE',  ( 0.000000000000000000, 0.000000000000000000, 1.000000000000000000 ) ) ;
#627 = DIRECTION ( 'NONE',  ( 0.04267275147541529229, -0.9990891032743361988, 0.000000000000000000 ) ) ;
#628 = EDGE_CURVE ( 'NONE', #631, #1641, #1018, .T. ) ;
#629 = ORIENTED_EDGE ( 'NONE', *, *, #634, .T. ) ;
#630 = ORIENTED_EDGE ( 'NONE', *, *, #1186, .F. ) ;
#631 = VERTEX_POINT ( 'NONE', #1263 ) ;
#632 = CIRCLE ( 'NONE', #581, 0.4999996943722967435 ) ;
#633 = DIRECTION ( 'NONE',  ( -0.000000000000000000, -1.000000000000000000, -0.000000000000000000 ) ) ;
#634 = EDGE_CURVE ( 'NONE', #112, #420, #1796, .T. ) ;
#635 = VECTOR ( 'NONE', #1193, 1000.000000000000114 ) ;
#636 = VECTOR ( 'NONE', #681, 1000.000000000000000 ) ;
#637 = CIRCLE ( 'NONE', #1285, 0.7499999999999867883 ) ;
#638 = AXIS2_PLACEMENT_3D ( 'NONE', #1288, #1067, #817 ) ;
#639 = EDGE_CURVE ( 'NONE', #2042, #2454, #2830, .T. ) ;
#640 = CARTESIAN_POINT ( 'NONE',  ( -32.87089974844669626, 10.00000026678289977, 0.000000000000000000 ) ) ;
#641 = VECTOR ( 'NONE', #627, 1000.000000000000114 ) ;
#642 = CARTESIAN_POINT ( 'NONE',  ( 40.25000000355680640, -1.530808498934181463E-16, 33.69999999999999574 ) ) ;
#643 = LINE ( 'NONE', #1029, #2310 ) ;
#644 = EDGE_LOOP ( 'NONE', ( #1919, #2634, #1620, #1601 ) ) ;
#645 = ORIENTED_EDGE ( 'NONE', *, *, #148, .T. ) ;
#646 = LINE ( 'NONE', #2631, #1417 ) ;
#647 = DIRECTION ( 'NONE',  ( 0.9990891021521032256, -0.04267277775003889412, 0.000000000000000000 ) ) ;
#648 = DIRECTION ( 'NONE',  ( 0.000000000000000000, 0.000000000000000000, -1.000000000000000000 ) ) ;
#649 = ORIENTED_EDGE ( 'NONE', *, *, #1743, .T. ) ;
#650 = DIRECTION ( 'NONE',  ( -1.000000000000000000, 0.000000000000000000, 0.000000000000000000 ) ) ;
#651 = EDGE_CURVE ( 'NONE', #394, #2142, #2737, .T. ) ;
#652 = DIRECTION ( 'NONE',  ( 0.000000000000000000, 0.000000000000000000, -1.000000000000000000 ) ) ;
#653 = EDGE_CURVE ( 'NONE', #1494, #19, #1689, .T. ) ;
#654 = LINE ( 'NONE', #1543, #910 ) ;
#655 = LINE ( 'NONE', #2896, #2460 ) ;
#656 = ORIENTED_EDGE ( 'NONE', *, *, #2302, .T. ) ;
#657 = DIRECTION ( 'NONE',  ( 0.000000000000000000, 0.000000000000000000, -1.000000000000000000 ) ) ;
#658 = DIRECTION ( 'NONE',  ( 1.000000000000000000, 0.000000000000000000, 0.000000000000000000 ) ) ;
#659 = LINE ( 'NONE', #1548, #861 ) ;
#660 = CARTESIAN_POINT ( 'NONE',  ( 37.32955573756560597, 10.47866240851439912, 118.0000000000000000 ) ) ;
#661 = CARTESIAN_POINT ( 'NONE',  ( 12.67090031911540038, 9.999999745921799743, 118.0000000000000000 ) ) ;
#662 = EDGE_CURVE ( 'NONE', #2042, #404, #1912, .T. ) ;
#663 = CARTESIAN_POINT ( 'NONE',  ( 40.25000000355681351, 8.500000000000000000, 107.4499999999999886 ) ) ;
#664 = DIRECTION ( 'NONE',  ( 0.000000000000000000, 0.000000000000000000, 1.000000000000000000 ) ) ;
#665 = EDGE_CURVE ( 'NONE', #2812, #1676, #1329, .T. ) ;
#666 = VERTEX_POINT ( 'NONE', #194 ) ;
#667 = LINE ( 'NONE', #2226, #532 ) ;
#668 = CARTESIAN_POINT ( 'NONE',  ( -23.27044429978660034, 10.47866388408450078, 0.000000000000000000 ) ) ;
#669 = CARTESIAN_POINT ( 'NONE',  ( 49.25000000355900198, 39.24999818333869683, 50.00000000000000000 ) ) ;
#670 = ORIENTED_EDGE ( 'NONE', *, *, #1824, .T. ) ;
#671 = DIRECTION ( 'NONE',  ( 0.000000000000000000, 0.000000000000000000, -1.000000000000000000 ) ) ;
#672 = DIRECTION ( 'NONE',  ( 0.000000000000000000, -1.000000000000000000, 0.000000000000000000 ) ) ;
#673 = AXIS2_PLACEMENT_3D ( 'NONE', #854, #384, #1752 ) ;
#674 = CARTESIAN_POINT ( 'NONE',  ( -7.401561647103500619, 9.999998704199601463, 118.0000000000000000 ) ) ;
#675 = AXIS2_PLACEMENT_3D ( 'NONE', #519, #303, #2772 ) ;
#676 = AXIS2_PLACEMENT_3D ( 'NONE', #780, #1877, #2300 ) ;
#677 = COORDINATED_UNIVERSAL_TIME_OFFSET ( 1, 0, .AHEAD. ) ;
#678 = CIRCLE ( 'NONE', #1940, 0.5000002159604300944 ) ;
#679 = AXIS2_PLACEMENT_3D ( 'NONE', #141, #380, #1257 ) ;
#680 = CIRCLE ( 'NONE', #1000, 0.5000000000000108802 ) ;
#681 = DIRECTION ( 'NONE',  ( 0.000000000000000000, 0.000000000000000000, -1.000000000000000000 ) ) ;
#682 = CARTESIAN_POINT ( 'NONE',  ( 50.00000000355680640, 0.7500000017030411525, 50.00000000000000000 ) ) ;
#683 = LOCAL_TIME ( 16, 30, 17.00000000000000000, #2556 ) ;
#684 = AXIS2_PLACEMENT_3D ( 'NONE', #2708, #2293, #281 ) ;
#685 = EDGE_LOOP ( 'NONE', ( #602, #2196, #505, #206 ) ) ;
#686 = ADVANCED_FACE ( 'NONE', ( #578 ), #1708, .T. ) ;
#687 = LINE ( 'NONE', #1586, #864 ) ;
#688 = CARTESIAN_POINT ( 'NONE',  ( 40.25000000355680640, -1.530808498934181463E-16, 33.69999999999999574 ) ) ;
#689 = ORIENTED_EDGE ( 'NONE', *, *, #2051, .F. ) ;
#690 = EDGE_CURVE ( 'NONE', #1686, #593, #2210, .T. ) ;
#691 = DIRECTION ( 'NONE',  ( 0.000000000000000000, 0.000000000000000000, -1.000000000000000000 ) ) ;
#692 = CARTESIAN_POINT ( 'NONE',  ( 14.40068377543139988, 39.28200402428420546, 118.0000000000000000 ) ) ;
#693 = DIRECTION ( 'NONE',  ( -0.000000000000000000, -1.000000000000000000, -0.000000000000000000 ) ) ;
#694 = CARTESIAN_POINT ( 'NONE',  ( -17.12955519710680008, 10.47866388408450078, 0.000000000000000000 ) ) ;
#695 = CARTESIAN_POINT ( 'NONE',  ( -38.24999999644330018, -1.530808498934181463E-16, 33.70000000000000995 ) ) ;
#696 = CARTESIAN_POINT ( 'NONE',  ( -34.60068274844670100, 39.28200526678289606, 50.00000000000000000 ) ) ;
#697 = VERTEX_POINT ( 'NONE', #1473 ) ;
#698 = DIRECTION ( 'NONE',  ( 0.000000000000000000, 0.000000000000000000, 1.000000000000000000 ) ) ;
#699 = CARTESIAN_POINT ( 'NONE',  ( -36.71871808822689331, 24.78007821189269677, 118.0000000000000000 ) ) ;
#700 = EDGE_CURVE ( 'NONE', #1850, #1295, #646, .T. ) ;
#701 = PLANE ( 'NONE',  #992 ) ;
#702 = FACE_OUTER_BOUND ( 'NONE', #1188, .T. ) ;
#703 = EDGE_CURVE ( 'NONE', #666, #371, #178, .T. ) ;
#704 =( LENGTH_UNIT ( ) NAMED_UNIT ( * ) SI_UNIT ( .MILLI., .METRE. ) );
#705 = DIRECTION ( 'NONE',  ( 0.000000000000000000, 0.000000000000000000, -1.000000000000000000 ) ) ;
#706 = CARTESIAN_POINT ( 'NONE',  ( -24.50068274844660365, 39.28200526678289606, 50.00000000000000000 ) ) ;
#707 = CARTESIAN_POINT ( 'NONE',  ( 40.25000000355681351, 8.500000000000000000, 108.6999999999999886 ) ) ;
#708 = CARTESIAN_POINT ( 'NONE',  ( -49.24999999644330018, 1.703040486411569998E-09, 0.000000000000000000 ) ) ;
#709 = ORIENTED_EDGE ( 'NONE', *, *, #120, .T. ) ;
#710 = EDGE_CURVE ( 'NONE', #2585, #1485, #1994, .T. ) ;
#711 = CARTESIAN_POINT ( 'NONE',  ( 42.53222352180199550, 10.49999818333849966, 0.000000000000000000 ) ) ;
#712 = VECTOR ( 'NONE', #1308, 1000.000000000000000 ) ;
#713 = EDGE_CURVE ( 'NONE', #2316, #2477, #1278, .T. ) ;
#714 = PERSON_AND_ORGANIZATION ( #2312, #2047 ) ;
#715 = AXIS2_PLACEMENT_3D ( 'NONE', #1978, #2183, #1488 ) ;
#716 = VECTOR ( 'NONE', #1282, 1000.000000000000000 ) ;
#717 = AXIS2_PLACEMENT_3D ( 'NONE', #421, #1369, #5 ) ;
#718 = CARTESIAN_POINT ( 'NONE',  ( 50.00000000355680640, 0.7500000017030411525, 0.000000000000000000 ) ) ;
#719 = DIRECTION ( 'NONE',  ( -0.000000000000000000, -1.000000000000000000, -0.000000000000000000 ) ) ;
#720 = AXIS2_PLACEMENT_3D ( 'NONE', #596, #418, #853 ) ;
#721 = CARTESIAN_POINT ( 'NONE',  ( -33.24999999644330018, 9.251075773784451783, 108.7000000000000028 ) ) ;
#722 = VECTOR ( 'NONE', #368, 1000.000000000000000 ) ;
#723 = DIRECTION ( 'NONE',  ( 0.9977851563978139549, -0.06651903240569630171, 0.000000000000000000 ) ) ;
#724 = AXIS2_PLACEMENT_3D ( 'NONE', #1040, #605, #850 ) ;
#725 = CARTESIAN_POINT ( 'NONE',  ( -33.24999999644330018, 8.500000000000000000, 109.9500000000000028 ) ) ;
#726 = EDGE_LOOP ( 'NONE', ( #1387, #845, #2203, #649 ) ) ;
#727 = EDGE_LOOP ( 'NONE', ( #2437, #1476, #2008, #1528 ) ) ;
#728 = APPROVAL_PERSON_ORGANIZATION ( #2247, #2148, #2669 ) ;
#729 = CIRCLE ( 'NONE', #140, 0.5000002159604027829 ) ;
#730 = ORIENTED_EDGE ( 'NONE', *, *, #700, .T. ) ;
#731 = CARTESIAN_POINT ( 'NONE',  ( 40.25000000355681351, 0.000000000000000000, 109.9499999999999886 ) ) ;
#732 = ORIENTED_EDGE ( 'NONE', *, *, #925, .F. ) ;
#733 = CC_DESIGN_DATE_AND_TIME_ASSIGNMENT ( #1351, #1122, ( #297 ) ) ;
#734 = EDGE_LOOP ( 'NONE', ( #540, #161, #2581, #370 ) ) ;
#735 = EDGE_LOOP ( 'NONE', ( #1256, #1822, #2548, #1454 ) ) ;
#736 = EDGE_CURVE ( 'NONE', #2454, #371, #1793, .T. ) ;
#737 = CARTESIAN_POINT ( 'NONE',  ( 37.82910052180189808, 10.49999839929889944, 0.000000000000000000 ) ) ;
#738 = EDGE_CURVE ( 'NONE', #2615, #375, #2652, .T. ) ;
#739 = DIRECTION ( 'NONE',  ( 0.000000000000000000, 0.000000000000000000, -1.000000000000000000 ) ) ;
#740 = PRODUCT ( 'PR173_STEP', 'PR173_STEP', '', ( #213 ) ) ;
#741 = DIRECTION ( 'NONE',  ( 0.000000000000000000, 0.000000000000000000, -1.000000000000000000 ) ) ;
#742 = ORIENTED_EDGE ( 'NONE', *, *, #2716, .F. ) ;
#743 = CARTESIAN_POINT ( 'NONE',  ( 49.25000052180190124, 39.99999818333850499, 0.000000000000000000 ) ) ;
#744 = SECURITY_CLASSIFICATION_LEVEL ( 'unclassified' ) ;
#745 = ORIENTED_EDGE ( 'NONE', *, *, #2444, .T. ) ;
#746 = EDGE_CURVE ( 'NONE', #2059, #1721, #687, .T. ) ;
#747 = DIRECTION ( 'NONE',  ( -1.000000000000000000, 0.000000000000000000, 0.000000000000000000 ) ) ;
#748 = CARTESIAN_POINT ( 'NONE',  ( -27.72909974844669989, 10.00000026678289977, 0.000000000000000000 ) ) ;
#749 = EDGE_CURVE ( 'NONE', #1676, #2316, #1819, .T. ) ;
#750 = DIRECTION ( 'NONE',  ( 0.000000000000000000, 0.000000000000000000, -1.000000000000000000 ) ) ;
#751 = CARTESIAN_POINT ( 'NONE',  ( -22.77089974844670195, 10.50000026678289977, 0.000000000000000000 ) ) ;
#752 = DIRECTION ( 'NONE',  ( 0.000000000000000000, 0.000000000000000000, -1.000000000000000000 ) ) ;
#753 = ORIENTED_EDGE ( 'NONE', *, *, #1503, .F. ) ;
#754 = ORIENTED_EDGE ( 'NONE', *, *, #2019, .T. ) ;
#755 = CIRCLE ( 'NONE', #901, 0.4999999999999813483 ) ;
#756 = DIRECTION ( 'NONE',  ( 0.9990891032743363098, -0.04267275147541529923, 0.000000000000000000 ) ) ;
#757 = AXIS2_PLACEMENT_3D ( 'NONE', #43, #1856, #492 ) ;
#758 = CIRCLE ( 'NONE', #2603, 1.250000000000001110 ) ;
#759 = LINE ( 'NONE', #2072, #2311 ) ;
#760 = CARTESIAN_POINT ( 'NONE',  ( -43.03111605339739754, 10.46674094082549900, 118.0000000000000000 ) ) ;
#761 = AXIS2_PLACEMENT_3D ( 'NONE', #927, #255, #6 ) ;
#762 = DIRECTION ( 'NONE',  ( -0.000000000000000000, -1.000000000000000000, -0.000000000000000000 ) ) ;
#763 = AXIS2_PLACEMENT_3D ( 'NONE', #2817, #802, #837 ) ;
#764 = ORIENTED_EDGE ( 'NONE', *, *, #2133, .T. ) ;
#765 = EDGE_CURVE ( 'NONE', #2776, #807, #2358, .T. ) ;
#766 = ORIENTED_EDGE ( 'NONE', *, *, #2256, .T. ) ;
#767 = VECTOR ( 'NONE', #2260, 1000.000000000000000 ) ;
#768 = AXIS2_PLACEMENT_3D ( 'NONE', #2809, #162, #2537 ) ;
#769 = LINE ( 'NONE', #1675, #2002 ) ;
#770 = CARTESIAN_POINT ( 'NONE',  ( 3.070444870455299569, 10.47866336322340075, 50.00000000000000000 ) ) ;
#771 = LOCAL_TIME ( 16, 30, 17.00000000000000000, #677 ) ;
#772 = VECTOR ( 'NONE', #2382, 1000.000000000000000 ) ;
#773 = EDGE_CURVE ( 'NONE', #1375, #2108, #667, .T. ) ;
#774 = DIRECTION ( 'NONE',  ( 0.04267277775004078844, 0.9990891021521031146, 0.000000000000000000 ) ) ;
#775 = EDGE_LOOP ( 'NONE', ( #2527, #2125, #322, #127, #2646, #68, #391, #1584, #2097, #2863, #2254, #1776, #1860, #1550, #1148, #1572, #1995, #1980, #114, #376, #1102, #940, #2340, #424, #988, #1507, #2783, #1844, #425, #2761, #132, #2250, #1849, #285, #2680, #2424, #354, #1809, #63, #2774, #983, #346, #434, #1183, #1871, #1254, #2505, #1240, #1878, #1456, #296, #1330, #964, #1216, #834, #210, #1754, #1001, #1411, #2418, #753, #2624, #742, #902 ) ) ;
#776 = ORIENTED_EDGE ( 'NONE', *, *, #1525, .F. ) ;
#777 = CARTESIAN_POINT ( 'NONE',  ( 20.24000000355669471, 0.000000000000000000, 64.95000000000001705 ) ) ;
#778 = DIRECTION ( 'NONE',  ( 0.000000000000000000, 0.000000000000000000, -1.000000000000000000 ) ) ;
#779 = PLANE ( 'NONE',  #1420 ) ;
#780 = CARTESIAN_POINT ( 'NONE',  ( 22.77090038667759941, 10.49999894147659951, 50.00000000000000000 ) ) ;
#781 = ORIENTED_EDGE ( 'NONE', *, *, #2493, .T. ) ;
#782 = DIRECTION ( 'NONE',  ( -0.000000000000000000, -1.000000000000000000, -0.000000000000000000 ) ) ;
#783 = EDGE_CURVE ( 'NONE', #959, #2094, #1651, .T. ) ;
#784 = ORIENTED_EDGE ( 'NONE', *, *, #1152, .F. ) ;
#785 = CARTESIAN_POINT ( 'NONE',  ( -38.24999999644330018, 8.500000000000000000, 32.45000000000000995 ) ) ;
#786 = ADVANCED_FACE ( 'NONE', ( #35 ), #499, .F. ) ;
#787 = CARTESIAN_POINT ( 'NONE',  ( -37.82909974844670131, 10.00000026678289977, 118.0000000000000000 ) ) ;
#788 = ORIENTED_EDGE ( 'NONE', *, *, #2308, .F. ) ;
#789 = ORIENTED_EDGE ( 'NONE', *, *, #1123, .T. ) ;
#790 = DIRECTION ( 'NONE',  ( -0.000000000000000000, -1.000000000000000000, -0.000000000000000000 ) ) ;
#791 = DIRECTION ( 'NONE',  ( 0.04267274312663429936, -0.9990891036309265116, 0.000000000000000000 ) ) ;
#792 = DIRECTION ( 'NONE',  ( 0.000000000000000000, 0.000000000000000000, -1.000000000000000000 ) ) ;
#793 = LINE ( 'NONE', #2591, #722 ) ;
#794 = DIRECTION ( 'NONE',  ( 0.9990891032743363098, -0.04267275147541529923, 0.000000000000000000 ) ) ;
#795 = DIRECTION ( 'NONE',  ( 0.04267274312663429936, -0.9990891036309265116, 0.000000000000000000 ) ) ;
#796 = CARTESIAN_POINT ( 'NONE',  ( -37.82909974844670131, 10.00000026678289977, 50.00000000000000000 ) ) ;
#797 = ORIENTED_EDGE ( 'NONE', *, *, #184, .F. ) ;
#798 = EDGE_CURVE ( 'NONE', #2111, #2199, #1222, .T. ) ;
#799 = CARTESIAN_POINT ( 'NONE',  ( -33.24999999644330018, 0.000000000000000000, 107.4500000000000028 ) ) ;
#800 = EDGE_CURVE ( 'NONE', #193, #825, #1575, .T. ) ;
#801 = CARTESIAN_POINT ( 'NONE',  ( -25.24999974844660144, 39.25000026678289800, 0.000000000000000000 ) ) ;
#802 = DIRECTION ( 'NONE',  ( 0.000000000000000000, 0.000000000000000000, 1.000000000000000000 ) ) ;
#803 = DIRECTION ( 'NONE',  ( 0.000000000000000000, 0.000000000000000000, -1.000000000000000000 ) ) ;
#804 = DIRECTION ( 'NONE',  ( -0.000000000000000000, -1.000000000000000000, -0.000000000000000000 ) ) ;
#805 = VERTEX_POINT ( 'NONE', #2251 ) ;
#806 = AXIS2_PLACEMENT_3D ( 'NONE', #1602, #2524, #1360 ) ;
#807 = VERTEX_POINT ( 'NONE', #1384 ) ;
#808 = DIRECTION ( 'NONE',  ( 0.000000000000000000, 0.000000000000000000, -1.000000000000000000 ) ) ;
#809 = AXIS2_PLACEMENT_3D ( 'NONE', #564, #1453, #1180 ) ;
#810 = CARTESIAN_POINT ( 'NONE',  ( -32.87089974844669626, 10.50000026678289977, 118.0000000000000000 ) ) ;
#811 = AXIS2_PLACEMENT_3D ( 'NONE', #2263, #657, #1145 ) ;
#812 = DIRECTION ( 'NONE',  ( 0.000000000000000000, 0.000000000000000000, 1.000000000000000000 ) ) ;
#813 = VERTEX_POINT ( 'NONE', #2053 ) ;
#814 = AXIS2_PLACEMENT_3D ( 'NONE', #838, #1466, #217 ) ;
#815 = CIRCLE ( 'NONE', #2840, 0.7500001910093357926 ) ;
#816 = VERTEX_POINT ( 'NONE', #2009 ) ;
#817 = DIRECTION ( 'NONE',  ( -1.000000000000000000, 0.000000000000000000, 0.000000000000000000 ) ) ;
#818 = AXIS2_PLACEMENT_3D ( 'NONE', #2651, #2607, #2859 ) ;
#819 = AXIS2_PLACEMENT_3D ( 'NONE', #942, #1603, #2255 ) ;
#820 = LINE ( 'NONE', #365, #2045 ) ;
#821 = EDGE_CURVE ( 'NONE', #2800, #2023, #758, .T. ) ;
#822 = DIRECTION ( 'NONE',  ( 0.000000000000000000, 0.000000000000000000, -1.000000000000000000 ) ) ;
#823 = CARTESIAN_POINT ( 'NONE',  ( 4.300683319115400138, 39.28200474592179603, 50.00000000000000000 ) ) ;
#824 = EDGE_CURVE ( 'NONE', #197, #2109, #2176, .T. ) ;
#825 = VERTEX_POINT ( 'NONE', #1355 ) ;
#826 = CARTESIAN_POINT ( 'NONE',  ( -16.53710982178360211, 24.34947601373389858, 118.0000000000000000 ) ) ;
#827 = LINE ( 'NONE', #158, #772 ) ;
#828 = DIRECTION ( 'NONE',  ( -1.000000000000000000, 0.000000000000000000, 0.000000000000000000 ) ) ;
#829 = ORIENTED_EDGE ( 'NONE', *, *, #2570, .F. ) ;
#830 = CARTESIAN_POINT ( 'NONE',  ( 14.40068377543139988, 39.28200402428429783, 50.00000000000000000 ) ) ;
#831 = FACE_OUTER_BOUND ( 'NONE', #550, .T. ) ;
#832 = VERTEX_POINT ( 'NONE', #17 ) ;
#833 = CARTESIAN_POINT ( 'NONE',  ( -38.24999999644330018, 0.000000000000000000, 34.95000000000000995 ) ) ;
#834 = ORIENTED_EDGE ( 'NONE', *, *, #1123, .F. ) ;
#835 = LINE ( 'NONE', #1099, #2172 ) ;
#836 = EDGE_CURVE ( 'NONE', #1065, #267, #1556, .T. ) ;
#837 = DIRECTION ( 'NONE',  ( 1.000000000000000000, 0.000000000000000000, 0.000000000000000000 ) ) ;
#838 = CARTESIAN_POINT ( 'NONE',  ( 20.24000000355669471, 0.000000000000000000, 63.70000000000001705 ) ) ;
#839 = ORIENTED_EDGE ( 'NONE', *, *, #651, .T. ) ;
#840 = EDGE_LOOP ( 'NONE', ( #1398, #1522 ) ) ;
#841 = ORIENTED_EDGE ( 'NONE', *, *, #2440, .T. ) ;
#842 = EDGE_CURVE ( 'NONE', #617, #825, #2239, .T. ) ;
#843 = CARTESIAN_POINT ( 'NONE',  ( -13.81275171154510062, 25.51688649342460380, 118.0000000000000000 ) ) ;
#844 = CARTESIAN_POINT ( 'NONE',  ( 40.25000000355681351, -1.530808498934181463E-16, 107.4499999999999886 ) ) ;
#845 = ORIENTED_EDGE ( 'NONE', *, *, #331, .F. ) ;
#846 = EDGE_LOOP ( 'NONE', ( #1150, #2195, #516 ) ) ;
#847 = CARTESIAN_POINT ( 'NONE',  ( 42.53222352180199550, 10.49999818333849966, 50.00000000000000000 ) ) ;
#848 = VERTEX_POINT ( 'NONE', #2489 ) ;
#849 = CYLINDRICAL_SURFACE ( 'NONE', #310, 0.7499999999999867883 ) ;
#850 = DIRECTION ( 'NONE',  ( -1.000000000000000000, 0.000000000000000000, 0.000000000000000000 ) ) ;
#851 = DIRECTION ( 'NONE',  ( 0.000000000000000000, 0.000000000000000000, -1.000000000000000000 ) ) ;
#852 = CARTESIAN_POINT ( 'NONE',  ( -17.62909974844670202, 10.50000026678289977, 118.0000000000000000 ) ) ;
#853 = DIRECTION ( 'NONE',  ( -1.000000000000000000, 0.000000000000000000, 0.000000000000000000 ) ) ;
#854 = CARTESIAN_POINT ( 'NONE',  ( 37.82910052180189808, 9.999998183338499658, 50.00000000000000000 ) ) ;
#855 = VERTEX_POINT ( 'NONE', #2038 ) ;
#856 = ORIENTED_EDGE ( 'NONE', *, *, #595, .F. ) ;
#857 = AXIS2_PLACEMENT_3D ( 'NONE', #575, #1863, #999 ) ;
#858 = ORIENTED_EDGE ( 'NONE', *, *, #1432, .F. ) ;
#859 = DIRECTION ( 'NONE',  ( 0.04267275147541529229, 0.9990891032743361988, 0.000000000000000000 ) ) ;
#860 = DIRECTION ( 'NONE',  ( 0.000000000000000000, 0.000000000000000000, -1.000000000000000000 ) ) ;
#861 = VECTOR ( 'NONE', #2186, 1000.000000000000000 ) ;
#862 = EDGE_CURVE ( 'NONE', #448, #963, #314, .T. ) ;
#863 = ORIENTED_EDGE ( 'NONE', *, *, #1320, .T. ) ;
#864 = VECTOR ( 'NONE', #915, 1000.000000000000114 ) ;
#865 = DIRECTION ( 'NONE',  ( 0.000000000000000000, 0.000000000000000000, 1.000000000000000000 ) ) ;
#866 = EDGE_CURVE ( 'NONE', #19, #1284, #2081, .T. ) ;
#867 = MANIFOLD_SOLID_BREP ( 'M3 Gewindebohrung2', #1170 ) ;
#868 = CIRCLE ( 'NONE', #1944, 1.250000000000001110 ) ;
#869 = VECTOR ( 'NONE', #2814, 1000.000000000000000 ) ;
#870 = VECTOR ( 'NONE', #903, 1000.000000000000000 ) ;
#871 = APPROVAL_DATE_TIME ( #11, #2148 ) ;
#872 = AXIS2_PLACEMENT_3D ( 'NONE', #443, #2204, #652 ) ;
#873 = AXIS2_PLACEMENT_3D ( 'NONE', #810, #2617, #600 ) ;
#874 = EDGE_LOOP ( 'NONE', ( #171, #246, #152, #2807 ) ) ;
#875 = LINE ( 'NONE', #1366, #1228 ) ;
#876 = DIRECTION ( 'NONE',  ( 0.000000000000000000, 0.000000000000000000, -1.000000000000000000 ) ) ;
#877 = DIRECTION ( 'NONE',  ( 0.000000000000000000, 0.000000000000000000, -1.000000000000000000 ) ) ;
#878 = ORIENTED_EDGE ( 'NONE', *, *, #2748, .T. ) ;
#879 = CARTESIAN_POINT ( 'NONE',  ( -49.24999999644330018, 0.7500000017030411525, 118.0000000000000000 ) ) ;
#880 = FACE_OUTER_BOUND ( 'NONE', #2659, .T. ) ;
#881 = ORIENTED_EDGE ( 'NONE', *, *, #1059, .T. ) ;
#882 = EDGE_CURVE ( 'NONE', #193, #2323, #2223, .T. ) ;
#883 = DIRECTION ( 'NONE',  ( 0.04267277775004078844, 0.9990891021521031146, 0.000000000000000000 ) ) ;
#884 = ADVANCED_FACE ( 'NONE', ( #2442 ), #2837, .F. ) ;
#885 = CARTESIAN_POINT ( 'NONE',  ( -27.72909974844669989, 10.00000026678289977, 0.000000000000000000 ) ) ;
#886 = DIRECTION ( 'NONE',  ( -0.000000000000000000, -1.000000000000000000, -0.000000000000000000 ) ) ;
#887 = DIRECTION ( 'NONE',  ( 0.000000000000000000, -1.000000000000000000, 0.000000000000000000 ) ) ;
#888 = DIRECTION ( 'NONE',  ( 1.000000000000000000, 0.000000000000000000, 0.000000000000000000 ) ) ;
#889 = DIRECTION ( 'NONE',  ( 0.000000000000000000, 0.000000000000000000, -1.000000000000000000 ) ) ;
#890 = DIRECTION ( 'NONE',  ( 0.000000000000000000, 0.000000000000000000, -1.000000000000000000 ) ) ;
#891 = DIRECTION ( 'NONE',  ( -0.000000000000000000, -1.000000000000000000, -0.000000000000000000 ) ) ;
#892 = DIRECTION ( 'NONE',  ( 0.000000000000000000, 0.000000000000000000, -1.000000000000000000 ) ) ;
#893 = PERSON_AND_ORGANIZATION ( #2312, #2047 ) ;
#894 = ADVANCED_FACE ( 'NONE', ( #1423 ), #2115, .F. ) ;
#895 = CARTESIAN_POINT ( 'NONE',  ( -7.029555465120798985, 10.47866397109769920, 118.0000000000000000 ) ) ;
#896 = DIRECTION ( 'NONE',  ( -1.000000000000000000, 0.000000000000000000, 0.000000000000000000 ) ) ;
#897 = FACE_OUTER_BOUND ( 'NONE', #1827, .T. ) ;
#898 = VERTEX_POINT ( 'NONE', #1614 ) ;
#899 = DIRECTION ( 'NONE',  ( -1.000000000000000000, 0.000000000000000000, 0.000000000000000000 ) ) ;
#900 = CARTESIAN_POINT ( 'NONE',  ( -13.54999999644330622, 2.755455298081549092E-17, 62.45000000000000284 ) ) ;
#901 = AXIS2_PLACEMENT_3D ( 'NONE', #1357, #648, #919 ) ;
#902 = ORIENTED_EDGE ( 'NONE', *, *, #1768, .F. ) ;
#903 = DIRECTION ( 'NONE',  ( 0.000000000000000000, 1.000000000000000000, 0.000000000000000000 ) ) ;
#904 = CONICAL_SURFACE ( 'NONE', #128, 1.250000000000001110, 1.029744258676651647 ) ;
#905 = AXIS2_PLACEMENT_3D ( 'NONE', #1811, #2727, #926 ) ;
#906 = CIRCLE ( 'NONE', #809, 0.5000000000000073275 ) ;
#907 = DIRECTION ( 'NONE',  ( -0.9990891036309265116, -0.04267274312663629082, 0.000000000000000000 ) ) ;
#908 = AXIS2_PLACEMENT_3D ( 'NONE', #2349, #2160, #1043 ) ;
#909 = VECTOR ( 'NONE', #1569, 1000.000000000000000 ) ;
#910 = VECTOR ( 'NONE', #2470, 1000.000000000000000 ) ;
#911 = DIRECTION ( 'NONE',  ( -0.000000000000000000, -1.000000000000000000, -0.000000000000000000 ) ) ;
#912 = EDGE_CURVE ( 'NONE', #2287, #1295, #56, .T. ) ;
#913 = CYLINDRICAL_SURFACE ( 'NONE', #497, 1.250000000000001110 ) ;
#914 = VERTEX_POINT ( 'NONE', #311 ) ;
#915 = DIRECTION ( 'NONE',  ( 0.04267274312663429936, -0.9990891036309265116, 0.000000000000000000 ) ) ;
#916 = EDGE_CURVE ( 'NONE', #2596, #832, #2456, .T. ) ;
#917 = DIRECTION ( 'NONE',  ( 0.000000000000000000, 0.000000000000000000, -1.000000000000000000 ) ) ;
#918 = DIRECTION ( 'NONE',  ( 0.000000000000000000, 0.000000000000000000, -1.000000000000000000 ) ) ;
#919 = DIRECTION ( 'NONE',  ( 1.000000000000000000, 0.000000000000000000, 0.000000000000000000 ) ) ;
#920 = VERTEX_POINT ( 'NONE', #513 ) ;
#921 = CARTESIAN_POINT ( 'NONE',  ( 37.82910052180189808, 9.999998183338499658, 0.000000000000000000 ) ) ;
#922 = DIRECTION ( 'NONE',  ( 1.000000000000000000, 0.000000000000000000, 0.000000000000000000 ) ) ;
#923 = LINE ( 'NONE', #2895, #636 ) ;
#924 = CARTESIAN_POINT ( 'NONE',  ( -38.24999999644330018, 8.500000000000000000, 33.70000000000000995 ) ) ;
#925 = EDGE_CURVE ( 'NONE', #1209, #1500, #2576, .T. ) ;
#926 = DIRECTION ( 'NONE',  ( 1.000000000000000000, 0.000000000000000000, 0.000000000000000000 ) ) ;
#927 = CARTESIAN_POINT ( 'NONE',  ( 25.25000067000339854, 39.24999892937550072, 50.00000000000000000 ) ) ;
#928 = EDGE_CURVE ( 'NONE', #2266, #1626, #678, .T. ) ;
#929 = DIRECTION ( 'NONE',  ( -0.000000000000000000, -1.000000000000000000, -0.000000000000000000 ) ) ;
#930 = ORIENTED_EDGE ( 'NONE', *, *, #1169, .T. ) ;
#931 = EDGE_CURVE ( 'NONE', #2275, #1217, #70, .T. ) ;
#932 = ORIENTED_EDGE ( 'NONE', *, *, #1917, .T. ) ;
#933 = SHAPE_DEFINITION_REPRESENTATION ( #990, #1259 ) ;
#934 = DIRECTION ( 'NONE',  ( -1.000000000000000000, 0.000000000000000000, 0.000000000000000000 ) ) ;
#935 = LINE ( 'NONE', #718, #541 ) ;
#936 = ORIENTED_EDGE ( 'NONE', *, *, #2547, .F. ) ;
#937 = CARTESIAN_POINT ( 'NONE',  ( -33.24999999644330018, -1.530808498934181463E-16, 108.7000000000000028 ) ) ;
#938 = LINE ( 'NONE', #37, #238 ) ;
#939 = ORIENTED_EDGE ( 'NONE', *, *, #2748, .F. ) ;
#940 = ORIENTED_EDGE ( 'NONE', *, *, #2769, .F. ) ;
#941 = DIRECTION ( 'NONE',  ( 0.9990891021521031146, -0.04267277775004078844, 0.000000000000000000 ) ) ;
#942 = CARTESIAN_POINT ( 'NONE',  ( 45.70166552180189967, 39.99999818333850499, 50.00000000000000000 ) ) ;
#943 = EDGE_CURVE ( 'NONE', #920, #1674, #759, .T. ) ;
#944 = EDGE_LOOP ( 'NONE', ( #645, #2795, #1855, #1952 ) ) ;
#945 = CIRCLE ( 'NONE', #2499, 0.7500000000000258682 ) ;
#946 = AXIS2_PLACEMENT_3D ( 'NONE', #2667, #395, #2872 ) ;
#947 = EDGE_LOOP ( 'NONE', ( #2309, #1930, #2243, #1430 ) ) ;
#948 = CIRCLE ( 'NONE', #2357, 1.250000000000001110 ) ;
#949 = VECTOR ( 'NONE', #979, 1000.000000000000000 ) ;
#950 = CARTESIAN_POINT ( 'NONE',  ( -33.24999999644330018, -1.530808498934181463E-16, 107.4500000000000028 ) ) ;
#951 = AXIS2_PLACEMENT_3D ( 'NONE', #1924, #1245, #155 ) ;
#952 = CIRCLE ( 'NONE', #134, 0.7499999999999937828 ) ;
#953 = CARTESIAN_POINT ( 'NONE',  ( -42.53222374844670384, 10.49999996115520062, 0.000000000000000000 ) ) ;
#954 = CONICAL_SURFACE ( 'NONE', #1179, 1.250000000000001110, 1.029744258676654090 ) ;
#955 = ADVANCED_FACE ( 'NONE', ( #1192 ), #2276, .F. ) ;
#956 = CARTESIAN_POINT ( 'NONE',  ( 5.799317319115499636, 39.28200474592179603, 0.000000000000000000 ) ) ;
#957 = VECTOR ( 'NONE', #2465, 1000.000000000000000 ) ;
#958 = AXIS2_PLACEMENT_3D ( 'NONE', #1794, #466, #1154 ) ;
#959 = VERTEX_POINT ( 'NONE', #1407 ) ;
#960 = CARTESIAN_POINT ( 'NONE',  ( -44.95332605339750387, 39.29988894082550388, 0.000000000000000000 ) ) ;
#961 = ADVANCED_FACE ( 'NONE', ( #2104 ), #533, .T. ) ;
#962 = CALENDAR_DATE ( 2023, 9, 2 ) ;
#963 = VERTEX_POINT ( 'NONE', #748 ) ;
#964 = ORIENTED_EDGE ( 'NONE', *, *, #1293, .F. ) ;
#965 = EDGE_CURVE ( 'NONE', #2488, #1217, #632, .T. ) ;
#966 = CARTESIAN_POINT ( 'NONE',  ( -17.50156171466559840, 9.999999745921799743, 118.0000000000000000 ) ) ;
#967 = CARTESIAN_POINT ( 'NONE',  ( -4.300682638110999712, 39.28200454514540496, 50.00000000000000000 ) ) ;
#968 = LINE ( 'NONE', #2543, #1049 ) ;
#969 = CARTESIAN_POINT ( 'NONE',  ( -2.570899680884500160, 9.999999745921799743, 0.000000000000000000 ) ) ;
#970 = ORIENTED_EDGE ( 'NONE', *, *, #1386, .T. ) ;
#971 = CARTESIAN_POINT ( 'NONE',  ( -37.82909974844670131, 10.00000026678289977, 0.000000000000000000 ) ) ;
#972 = DIRECTION ( 'NONE',  ( 0.000000000000000000, 0.000000000000000000, -1.000000000000000000 ) ) ;
#973 = COORDINATED_UNIVERSAL_TIME_OFFSET ( 1, 0, .AHEAD. ) ;
#974 = EDGE_CURVE ( 'NONE', #375, #1911, #2562, .T. ) ;
#975 = ORIENTED_EDGE ( 'NONE', *, *, #665, .T. ) ;
#976 = CARTESIAN_POINT ( 'NONE',  ( 17.62910038667759949, 9.999999225060699715, 0.000000000000000000 ) ) ;
#977 = EDGE_CURVE ( 'NONE', #914, #1853, #2520, .T. ) ;
#978 = CARTESIAN_POINT ( 'NONE',  ( 7.529100319115400453, 9.999999745921799743, 118.0000000000000000 ) ) ;
#979 = DIRECTION ( 'NONE',  ( 0.000000000000000000, -0.5150380749100560429, -0.8571673007021112234 ) ) ;
#980 = CARTESIAN_POINT ( 'NONE',  ( -36.09931674844660421, 39.28200526678289606, 0.000000000000000000 ) ) ;
#981 = CARTESIAN_POINT ( 'NONE',  ( -38.24999999644330018, 8.500000000000000000, 33.70000000000000995 ) ) ;
#982 = ADVANCED_FACE ( 'NONE', ( #286 ), #994, .F. ) ;
#983 = ORIENTED_EDGE ( 'NONE', *, *, #1590, .F. ) ;
#984 = LINE ( 'NONE', #1881, #415 ) ;
#985 = ORIENTED_EDGE ( 'NONE', *, *, #2905, .T. ) ;
#986 = DIRECTION ( 'NONE',  ( -0.9990891032743361988, -0.04267275147541720048, 0.000000000000000000 ) ) ;
#987 = EDGE_LOOP ( 'NONE', ( #1611, #1726, #1155, #2478 ) ) ;
#988 = ORIENTED_EDGE ( 'NONE', *, *, #928, .F. ) ;
#989 = VECTOR ( 'NONE', #2676, 1000.000000000000000 ) ;
#990 = PRODUCT_DEFINITION_SHAPE ( 'NONE', 'NONE',  #297 ) ;
#991 = PLANE ( 'NONE',  #2130 ) ;
#992 = AXIS2_PLACEMENT_3D ( 'NONE', #1157, #941, #2744 ) ;
#993 = CARTESIAN_POINT ( 'NONE',  ( -23.27044429978660034, 10.47866388408450078, 50.00000000000000000 ) ) ;
#994 = CONICAL_SURFACE ( 'NONE', #2741, 1.250000000000001110, 1.029744258676654090 ) ;
#995 = EDGE_CURVE ( 'NONE', #386, #2812, #996, .T. ) ;
#996 = LINE ( 'NONE', #90, #1838 ) ;
#997 = DIRECTION ( 'NONE',  ( -0.04267274312663629082, 0.9990891036309265116, 0.000000000000000000 ) ) ;
#998 = VECTOR ( 'NONE', #2092, 1000.000000000000000 ) ;
#999 = DIRECTION ( 'NONE',  ( 0.000000000000000000, 0.000000000000000000, -1.000000000000000000 ) ) ;
#1000 = AXIS2_PLACEMENT_3D ( 'NONE', #2365, #2640, #2412 ) ;
#1001 = ORIENTED_EDGE ( 'NONE', *, *, #2235, .F. ) ;
#1002 = ORIENTED_EDGE ( 'NONE', *, *, #1309, .T. ) ;
#1003 = AXIS2_PLACEMENT_3D ( 'NONE', #520, #551, #2735 ) ;
#1004 = EDGE_CURVE ( 'NONE', #2495, #832, #968, .T. ) ;
#1005 = CIRCLE ( 'NONE', #362, 0.7499999999999972244 ) ;
#1006 = DIRECTION ( 'NONE',  ( 0.000000000000000000, 0.000000000000000000, -1.000000000000000000 ) ) ;
#1007 = AXIS2_PLACEMENT_3D ( 'NONE', #1804, #1133, #1551 ) ;
#1008 = AXIS2_PLACEMENT_3D ( 'NONE', #2688, #2503, #18 ) ;
#1009 = ORIENTED_EDGE ( 'NONE', *, *, #164, .T. ) ;
#1010 = ORIENTED_EDGE ( 'NONE', *, *, #1542, .F. ) ;
#1011 = CYLINDRICAL_SURFACE ( 'NONE', #1181, 0.7500000570806673039 ) ;
#1012 = ORIENTED_EDGE ( 'NONE', *, *, #463, .F. ) ;
#1013 = LINE ( 'NONE', #2158, #1051 ) ;
#1014 = CARTESIAN_POINT ( 'NONE',  ( 20.24000000355669471, 8.500000000000000000, 64.95000000000001705 ) ) ;
#1015 = DIRECTION ( 'NONE',  ( 0.000000000000000000, 0.000000000000000000, 1.000000000000000000 ) ) ;
#1016 = CYLINDRICAL_SURFACE ( 'NONE', #1419, 0.4999999999999813483 ) ;
#1017 = ADVANCED_FACE ( 'NONE', ( #1875 ), #779, .F. ) ;
#1018 = LINE ( 'NONE', #843, #2355 ) ;
#1019 = DIRECTION ( 'NONE',  ( -0.06651901511742400186, 0.9977851575503656756, 0.000000000000000000 ) ) ;
#1020 = ADVANCED_FACE ( 'NONE', ( #1244 ), #2860, .T. ) ;
#1021 = EDGE_LOOP ( 'NONE', ( #1317, #1578, #169, #2056 ) ) ;
#1022 = CARTESIAN_POINT ( 'NONE',  ( -24.50068274844660365, 39.28200526678289606, 0.000000000000000000 ) ) ;
#1023 = DIRECTION ( 'NONE',  ( 1.000000000000000000, 0.000000000000000000, 0.000000000000000000 ) ) ;
#1024 = ORIENTED_EDGE ( 'NONE', *, *, #928, .T. ) ;
#1025 = PLANE ( 'NONE',  #80 ) ;
#1026 = DIRECTION ( 'NONE',  ( -0.04267274312663429936, 0.9990891036309265116, 0.000000000000000000 ) ) ;
#1027 = ORIENTED_EDGE ( 'NONE', *, *, #1121, .T. ) ;
#1028 = CARTESIAN_POINT ( 'NONE',  ( 7.529100319115400453, 9.999999745921799743, 0.000000000000000000 ) ) ;
#1029 = CARTESIAN_POINT ( 'NONE',  ( 7.029555767775599762, 10.47866336322340075, 50.00000000000000000 ) ) ;
#1030 = ORIENTED_EDGE ( 'NONE', *, *, #58, .T. ) ;
#1031 = CARTESIAN_POINT ( 'NONE',  ( 14.40068377543139988, 39.28200402428429783, 0.000000000000000000 ) ) ;
#1032 = CARTESIAN_POINT ( 'NONE',  ( -35.13066174844669831, 10.00000026678289977, 118.0000000000000000 ) ) ;
#1033 = FACE_OUTER_BOUND ( 'NONE', #947, .T. ) ;
#1034 = ORIENTED_EDGE ( 'NONE', *, *, #2825, .F. ) ;
#1035 = EDGE_LOOP ( 'NONE', ( #2492, #1786, #1705 ) ) ;
#1036 = EDGE_CURVE ( 'NONE', #807, #111, #606, .T. ) ;
#1037 = LINE ( 'NONE', #2725, #1892 ) ;
#1038 = ORIENTED_EDGE ( 'NONE', *, *, #2167, .F. ) ;
#1039 = EDGE_CURVE ( 'NONE', #2384, #2042, #410, .T. ) ;
#1040 = CARTESIAN_POINT ( 'NONE',  ( 15.15000060244130076, 39.24999945023660075, 118.0000000000000000 ) ) ;
#1041 = VERTEX_POINT ( 'NONE', #1717 ) ;
#1042 = AXIS2_PLACEMENT_3D ( 'NONE', #669, #2241, #1118 ) ;
#1043 = DIRECTION ( 'NONE',  ( -1.000000000000000000, 0.000000000000000000, 0.000000000000000000 ) ) ;
#1044 = CARTESIAN_POINT ( 'NONE',  ( 7.029555767775599762, 10.47866336322340075, 118.0000000000000000 ) ) ;
#1045 = ORIENTED_EDGE ( 'NONE', *, *, #2709, .F. ) ;
#1046 = VECTOR ( 'NONE', #1722, 1000.000000000000000 ) ;
#1047 = CARTESIAN_POINT ( 'NONE',  ( -17.12955519710680008, 10.47866388408450078, 50.00000000000000000 ) ) ;
#1048 = DIRECTION ( 'NONE',  ( 0.000000000000000000, 0.000000000000000000, -1.000000000000000000 ) ) ;
#1049 = VECTOR ( 'NONE', #2801, 1000.000000000000000 ) ;
#1050 = ORIENTED_EDGE ( 'NONE', *, *, #1233, .F. ) ;
#1051 = VECTOR ( 'NONE', #165, 1000.000000000000114 ) ;
#1052 = CIRCLE ( 'NONE', #2315, 0.4999996943722967435 ) ;
#1053 = ORIENTED_EDGE ( 'NONE', *, *, #1789, .T. ) ;
#1054 = DIRECTION ( 'NONE',  ( 0.000000000000000000, 0.000000000000000000, -1.000000000000000000 ) ) ;
#1055 = FACE_BOUND ( 'NONE', #2082, .T. ) ;
#1056 = EDGE_CURVE ( 'NONE', #2117, #2323, #1496, .T. ) ;
#1057 = VERTEX_POINT ( 'NONE', #2610 ) ;
#1058 = FACE_OUTER_BOUND ( 'NONE', #228, .T. ) ;
#1059 = EDGE_CURVE ( 'NONE', #2275, #2120, #1052, .T. ) ;
#1060 = DIRECTION ( 'NONE',  ( 0.000000000000000000, -1.000000000000000000, 0.000000000000000000 ) ) ;
#1061 = FACE_OUTER_BOUND ( 'NONE', #727, .T. ) ;
#1062 = ORIENTED_EDGE ( 'NONE', *, *, #1075, .T. ) ;
#1063 = DIRECTION ( 'NONE',  ( 0.000000000000000000, 0.000000000000000000, 1.000000000000000000 ) ) ;
#1064 = PLANE ( 'NONE',  #2900 ) ;
#1065 = VERTEX_POINT ( 'NONE', #1923 ) ;
#1066 = CARTESIAN_POINT ( 'NONE',  ( 13.17044460244130022, 10.47866345023660095, 118.0000000000000000 ) ) ;
#1067 = DIRECTION ( 'NONE',  ( 0.000000000000000000, 0.000000000000000000, 1.000000000000000000 ) ) ;
#1068 = DIRECTION ( 'NONE',  ( 0.000000000000000000, 0.000000000000000000, -1.000000000000000000 ) ) ;
#1069 = DIRECTION ( 'NONE',  ( 0.000000000000000000, 0.000000000000000000, -1.000000000000000000 ) ) ;
#1070 = DIRECTION ( 'NONE',  ( -0.000000000000000000, -1.000000000000000000, -0.000000000000000000 ) ) ;
#1071 = EDGE_CURVE ( 'NONE', #2495, #2500, #1565, .T. ) ;
#1072 = DIRECTION ( 'NONE',  ( -0.000000000000000000, -1.000000000000000000, -0.000000000000000000 ) ) ;
#1073 = ORIENTED_EDGE ( 'NONE', *, *, #2541, .T. ) ;
#1074 = DIRECTION ( 'NONE',  ( 0.000000000000000000, 0.000000000000000000, -1.000000000000000000 ) ) ;
#1075 = EDGE_CURVE ( 'NONE', #2224, #2232, #2705, .T. ) ;
#1076 = PLANE ( 'NONE',  #2123 ) ;
#1077 = CARTESIAN_POINT ( 'NONE',  ( 33.91691108785290254, 23.27296838182029859, 118.0000000000000000 ) ) ;
#1078 = VERTEX_POINT ( 'NONE', #1465 ) ;
#1079 = FACE_OUTER_BOUND ( 'NONE', #2159, .T. ) ;
#1080 = DIRECTION ( 'NONE',  ( 0.000000000000000000, 0.000000000000000000, -1.000000000000000000 ) ) ;
#1081 = DIRECTION ( 'NONE',  ( 0.000000000000000000, 0.000000000000000000, -1.000000000000000000 ) ) ;
#1082 = CARTESIAN_POINT ( 'NONE',  ( 42.53222352180199550, 9.999998183338499658, 0.000000000000000000 ) ) ;
#1083 = EDGE_LOOP ( 'NONE', ( #93, #2689, #53, #2808 ) ) ;
#1084 = EDGE_LOOP ( 'NONE', ( #1677, #1681, #1900, #1682 ) ) ;
#1085 = EDGE_CURVE ( 'NONE', #2441, #2804, #1802, .T. ) ;
#1086 = CONICAL_SURFACE ( 'NONE', #2736, 1.250000000000001110, 1.029744258676654090 ) ;
#1087 = DIRECTION ( 'NONE',  ( -0.000000000000000000, -1.000000000000000000, -0.000000000000000000 ) ) ;
#1088 = CARTESIAN_POINT ( 'NONE',  ( -38.24999999644330018, 8.500000000000000000, 32.45000000000000995 ) ) ;
#1089 = AXIS2_PLACEMENT_3D ( 'NONE', #2381, #2163, #2819 ) ;
#1090 = VECTOR ( 'NONE', #2536, 1000.000000000000000 ) ;
#1091 = FACE_OUTER_BOUND ( 'NONE', #428, .T. ) ;
#1092 = CIRCLE ( 'NONE', #951, 0.5000000000000073275 ) ;
#1093 = CIRCLE ( 'NONE', #75, 0.5000000000000073275 ) ;
#1094 = ORIENTED_EDGE ( 'NONE', *, *, #2388, .F. ) ;
#1095 = VECTOR ( 'NONE', #558, 1000.000000000000000 ) ;
#1096 = PERSON_AND_ORGANIZATION ( #2312, #2047 ) ;
#1097 = CIRCLE ( 'NONE', #2660, 1.250000000000001110 ) ;
#1098 = VECTOR ( 'NONE', #279, 1000.000000000000000 ) ;
#1099 = CARTESIAN_POINT ( 'NONE',  ( -13.54999999644330622, 0.000000000000000000, 62.45000000000000284 ) ) ;
#1100 = DIRECTION ( 'NONE',  ( 0.000000000000000000, 0.000000000000000000, 1.000000000000000000 ) ) ;
#1101 = CARTESIAN_POINT ( 'NONE',  ( 49.25000000355679930, 0.7500000017030411525, 0.000000000000000000 ) ) ;
#1102 = ORIENTED_EDGE ( 'NONE', *, *, #2133, .F. ) ;
#1103 = DIRECTION ( 'NONE',  ( 0.000000000000000000, 0.000000000000000000, -1.000000000000000000 ) ) ;
#1104 = DIRECTION ( 'NONE',  ( 1.000000000000000000, 0.000000000000000000, 0.000000000000000000 ) ) ;
#1105 = CYLINDRICAL_SURFACE ( 'NONE', #1042, 0.7499999999999797939 ) ;
#1106 = EDGE_LOOP ( 'NONE', ( #1062, #528, #293, #2491 ) ) ;
#1107 = CARTESIAN_POINT ( 'NONE',  ( 23.82610688735169902, 23.48826987556880042, 118.0000000000000000 ) ) ;
#1108 = DIRECTION ( 'NONE',  ( 0.000000000000000000, -0.5150380749100565980, -0.8571673007021108903 ) ) ;
#1109 = EDGE_CURVE ( 'NONE', #1746, #1667, #680, .T. ) ;
#1110 = EDGE_CURVE ( 'NONE', #2199, #197, #397, .T. ) ;
#1111 = DIRECTION ( 'NONE',  ( 0.000000000000000000, 0.000000000000000000, -1.000000000000000000 ) ) ;
#1112 = DIRECTION ( 'NONE',  ( 0.000000000000000000, 0.000000000000000000, -1.000000000000000000 ) ) ;
#1113 = CARTESIAN_POINT ( 'NONE',  ( -38.24999999644330018, 0.000000000000000000, 33.70000000000000995 ) ) ;
#1114 = EDGE_LOOP ( 'NONE', ( #2850, #1262, #2394, #1887 ) ) ;
#1115 = ORIENTED_EDGE ( 'NONE', *, *, #1901, .T. ) ;
#1116 = CARTESIAN_POINT ( 'NONE',  ( -49.99999999644330018, 0.7500000017030411525, 0.000000000000000000 ) ) ;
#1117 = DIRECTION ( 'NONE',  ( 0.000000000000000000, 0.000000000000000000, -1.000000000000000000 ) ) ;
#1118 = DIRECTION ( 'NONE',  ( -1.000000000000000000, 0.000000000000000000, 0.000000000000000000 ) ) ;
#1119 = EDGE_LOOP ( 'NONE', ( #335, #1445, #2721, #1427 ) ) ;
#1120 = CARTESIAN_POINT ( 'NONE',  ( -13.17044429978649944, 10.47866388408450078, 118.0000000000000000 ) ) ;
#1121 = EDGE_CURVE ( 'NONE', #1870, #1252, #382, .T. ) ;
#1122 = DATE_TIME_ROLE ( 'creation_date' ) ;
#1123 = EDGE_CURVE ( 'NONE', #2380, #1850, #1422, .T. ) ;
#1124 = CARTESIAN_POINT ( 'NONE',  ( 14.40068377543139988, 39.28200402428429783, 0.000000000000000000 ) ) ;
#1125 = CYLINDRICAL_SURFACE ( 'NONE', #359, 0.4999999999999813483 ) ;
#1126 = ORIENTED_EDGE ( 'NONE', *, *, #512, .F. ) ;
#1127 = DIRECTION ( 'NONE',  ( 0.000000000000000000, -1.000000000000000000, 0.000000000000000000 ) ) ;
#1128 = CARTESIAN_POINT ( 'NONE',  ( -36.09931674844660421, 39.28200526678289606, 118.0000000000000000 ) ) ;
#1129 = ORIENTED_EDGE ( 'NONE', *, *, #1779, .F. ) ;
#1130 = CARTESIAN_POINT ( 'NONE',  ( -3.070444465120900190, 10.47866397109769920, 0.000000000000000000 ) ) ;
#1131 = VECTOR ( 'NONE', #1345, 1000.000000000000000 ) ;
#1132 = CIRCLE ( 'NONE', #2455, 0.4999997164158772600 ) ;
#1133 = DIRECTION ( 'NONE',  ( 0.000000000000000000, 0.000000000000000000, 1.000000000000000000 ) ) ;
#1134 = VECTOR ( 'NONE', #1275, 1000.000000000000000 ) ;
#1135 = ADVANCED_FACE ( 'NONE', ( #2827 ), #2193, .F. ) ;
#1136 = DIRECTION ( 'NONE',  ( 0.000000000000000000, -1.000000000000000000, 0.000000000000000000 ) ) ;
#1137 = VECTOR ( 'NONE', #1151, 1000.000000000000000 ) ;
#1138 = AXIS2_PLACEMENT_3D ( 'NONE', #1158, #1815, #259 ) ;
#1139 = DIRECTION ( 'NONE',  ( -1.000000000000000000, 0.000000000000000000, 0.000000000000000000 ) ) ;
#1140 = DIRECTION ( 'NONE',  ( -1.000000000000000000, 0.000000000000000000, 0.000000000000000000 ) ) ;
#1141 = LOCAL_TIME ( 16, 30, 17.00000000000000000, #973 ) ;
#1142 = ADVANCED_FACE ( 'NONE', ( #203 ), #2655, .T. ) ;
#1143 = AXIS2_PLACEMENT_3D ( 'NONE', #2831, #222, #2184 ) ;
#1144 = ORIENTED_EDGE ( 'NONE', *, *, #2733, .F. ) ;
#1145 = DIRECTION ( 'NONE',  ( 1.000000000000000000, 0.000000000000000000, 0.000000000000000000 ) ) ;
#1146 = CARTESIAN_POINT ( 'NONE',  ( 34.60068391055579440, 39.28200298256199829, 0.000000000000000000 ) ) ;
#1147 = ADVANCED_FACE ( 'NONE', ( #1941 ), #1223, .T. ) ;
#1148 = ORIENTED_EDGE ( 'NONE', *, *, #2361, .F. ) ;
#1149 = PLANE ( 'NONE',  #819 ) ;
#1150 = ORIENTED_EDGE ( 'NONE', *, *, #538, .F. ) ;
#1151 = DIRECTION ( 'NONE',  ( -0.000000000000000000, -1.000000000000000000, -0.000000000000000000 ) ) ;
#1152 = EDGE_CURVE ( 'NONE', #2441, #1440, #793, .T. ) ;
#1153 = CARTESIAN_POINT ( 'NONE',  ( 44.95332665355380186, 39.29988744339569706, 50.00000000000000000 ) ) ;
#1154 = DIRECTION ( 'NONE',  ( 1.000000000000000000, 0.000000000000000000, 0.000000000000000000 ) ) ;
#1155 = ORIENTED_EDGE ( 'NONE', *, *, #2547, .T. ) ;
#1156 = EDGE_CURVE ( 'NONE', #119, #1533, #2146, .T. ) ;
#1157 = CARTESIAN_POINT ( 'NONE',  ( 34.60068391055579440, 39.28200298256199829, 50.00000000000000000 ) ) ;
#1158 = CARTESIAN_POINT ( 'NONE',  ( 40.25000000355681351, 8.500000000000000000, 108.6999999999999886 ) ) ;
#1159 = DIRECTION ( 'NONE',  ( -1.000000000000000000, 0.000000000000000000, 0.000000000000000000 ) ) ;
#1160 = CARTESIAN_POINT ( 'NONE',  ( 20.24000000355669471, 2.755455298081549092E-17, 64.95000000000001705 ) ) ;
#1161 = DIRECTION ( 'NONE',  ( 0.000000000000000000, -1.000000000000000000, 0.000000000000000000 ) ) ;
#1162 = DIRECTION ( 'NONE',  ( 0.000000000000000000, 0.000000000000000000, -1.000000000000000000 ) ) ;
#1163 = CYLINDRICAL_SURFACE ( 'NONE', #676, 0.4999997164158477281 ) ;
#1164 = CARTESIAN_POINT ( 'NONE',  ( -7.529099748446600238, 10.49999998319880135, 118.0000000000000000 ) ) ;
#1165 = EDGE_CURVE ( 'NONE', #2117, #2606, #2462, .T. ) ;
#1166 = EDGE_LOOP ( 'NONE', ( #1126, #1348, #745 ) ) ;
#1167 = ORIENTED_EDGE ( 'NONE', *, *, #1643, .F. ) ;
#1168 = CARTESIAN_POINT ( 'NONE',  ( -44.95332605339750387, 39.29988894082550388, 0.000000000000000000 ) ) ;
#1169 = EDGE_CURVE ( 'NONE', #2821, #2041, #868, .T. ) ;
#1170 = CLOSED_SHELL ( 'NONE', ( #1540, #2753, #1251, #478, #2458, #202, #2697, #348, #786, #1678, #2013, #2720, #2054, #1147, #2582, #955, #2003, #491, #2619, #1487, #1714, #124, #1508, #2428, #1202, #545, #2225, #2586, #2883, #961, #2406, #144, #2515, #2861, #1593, #442, #430, #2703, #1189, #1379, #2231, #1361, #1020, #2246, #1897, #1451, #2475, #2061, #894, #357, #242, #389, #1363, #50, #2608, #1135, #1606, #260, #1142, #2173, #1574, #2402, #508, #1017, #1392, #190, #10, #367, #1664, #276, #220, #300, #2806, #30, #1962, #487, #599, #686, #2496, #560, #884, #103, #982, #1446, #406, #2766, #2668, #2397, #1738, #215 ) ) ;
#1171 = COORDINATED_UNIVERSAL_TIME_OFFSET ( 1, 0, .AHEAD. ) ;
#1172 = AXIS2_PLACEMENT_3D ( 'NONE', #373, #1074, #2422 ) ;
#1173 = CYLINDRICAL_SURFACE ( 'NONE', #757, 0.4999996943722967435 ) ;
#1174 = VECTOR ( 'NONE', #1103, 1000.000000000000000 ) ;
#1175 = FACE_OUTER_BOUND ( 'NONE', #2371, .T. ) ;
#1176 = AXIS2_PLACEMENT_3D ( 'NONE', #737, #2060, #2531 ) ;
#1177 = VECTOR ( 'NONE', #445, 1000.000000000000000 ) ;
#1178 = CARTESIAN_POINT ( 'NONE',  ( 45.70166552180189967, 39.24999818333850499, 50.00000000000000000 ) ) ;
#1179 = AXIS2_PLACEMENT_3D ( 'NONE', #1730, #1715, #2190 ) ;
#1180 = DIRECTION ( 'NONE',  ( -1.000000000000000000, 0.000000000000000000, 0.000000000000000000 ) ) ;
#1181 = AXIS2_PLACEMENT_3D ( 'NONE', #1868, #377, #2791 ) ;
#1182 = ORIENTED_EDGE ( 'NONE', *, *, #866, .T. ) ;
#1183 = ORIENTED_EDGE ( 'NONE', *, *, #614, .F. ) ;
#1184 = DIRECTION ( 'NONE',  ( 0.000000000000000000, 0.000000000000000000, -1.000000000000000000 ) ) ;
#1185 = ORIENTED_EDGE ( 'NONE', *, *, #1004, .F. ) ;
#1186 = EDGE_CURVE ( 'NONE', #2378, #320, #542, .T. ) ;
#1187 = LINE ( 'NONE', #1916, #1283 ) ;
#1188 = EDGE_LOOP ( 'NONE', ( #1481, #2457, #2729, #1545 ) ) ;
#1189 = ADVANCED_FACE ( 'NONE', ( #1552 ), #1771, .F. ) ;
#1190 = CARTESIAN_POINT ( 'NONE',  ( 33.37044473756560592, 10.47866240851439912, 118.0000000000000000 ) ) ;
#1191 = CARTESIAN_POINT ( 'NONE',  ( -45.70166499644329861, 40.00000000170310699, 118.0000000000000000 ) ) ;
#1192 = FACE_OUTER_BOUND ( 'NONE', #775, .T. ) ;
#1193 = DIRECTION ( 'NONE',  ( 0.04267275147541529229, 0.9990891032743361988, 0.000000000000000000 ) ) ;
#1194 = EDGE_LOOP ( 'NONE', ( #2385, #583, #2633, #1292 ) ) ;
#1195 = ORIENTED_EDGE ( 'NONE', *, *, #2188, .F. ) ;
#1196 = CARTESIAN_POINT ( 'NONE',  ( 32.87090045423970253, 9.999998704199601463, 50.00000000000000000 ) ) ;
#1197 = PLANE ( 'NONE',  #675 ) ;
#1198 = VERTEX_POINT ( 'NONE', #2712 ) ;
#1199 = VERTEX_POINT ( 'NONE', #2033 ) ;
#1200 = DIRECTION ( 'NONE',  ( -1.000000000000000000, 0.000000000000000000, 0.000000000000000000 ) ) ;
#1201 = ORIENTED_EDGE ( 'NONE', *, *, #557, .T. ) ;
#1202 = ADVANCED_FACE ( 'NONE', ( #1816 ), #1790, .F. ) ;
#1203 = EDGE_LOOP ( 'NONE', ( #2572, #2100, #2432, #2086 ) ) ;
#1204 = LINE ( 'NONE', #976, #2657 ) ;
#1205 = EDGE_CURVE ( 'NONE', #1041, #111, #875, .T. ) ;
#1206 = DIRECTION ( 'NONE',  ( -0.000000000000000000, -1.000000000000000000, -0.000000000000000000 ) ) ;
#1207 = DIRECTION ( 'NONE',  ( 1.000000000000000000, 0.000000000000000000, 0.000000000000000000 ) ) ;
#1208 = DIRECTION ( 'NONE',  ( -1.000000000000000000, 0.000000000000000000, 0.000000000000000000 ) ) ;
#1209 = VERTEX_POINT ( 'NONE', #895 ) ;
#1210 = LINE ( 'NONE', #1234, #2559 ) ;
#1211 = CARTESIAN_POINT ( 'NONE',  ( -3.070444465120900190, 10.47866397109769920, 118.0000000000000000 ) ) ;
#1212 = ORIENTED_EDGE ( 'NONE', *, *, #2325, .T. ) ;
#1213 = FACE_OUTER_BOUND ( 'NONE', #364, .T. ) ;
#1214 = PLANE ( 'NONE',  #1325 ) ;
#1215 = DIRECTION ( 'NONE',  ( 0.000000000000000000, 0.000000000000000000, 1.000000000000000000 ) ) ;
#1216 = ORIENTED_EDGE ( 'NONE', *, *, #700, .F. ) ;
#1217 = VERTEX_POINT ( 'NONE', #2671 ) ;
#1218 = EDGE_CURVE ( 'NONE', #631, #2454, #815, .T. ) ;
#1219 = LINE ( 'NONE', #833, #77 ) ;
#1220 = LINE ( 'NONE', #1014, #271 ) ;
#1221 = VECTOR ( 'NONE', #1587, 1000.000000000000114 ) ;
#1222 = CIRCLE ( 'NONE', #811, 0.4999997164158772600 ) ;
#1223 = PLANE ( 'NONE',  #360 ) ;
#1224 = EDGE_CURVE ( 'NONE', #1057, #617, #923, .T. ) ;
#1225 = CARTESIAN_POINT ( 'NONE',  ( 2.570900319115500210, 9.999999745921799743, 50.00000000000000000 ) ) ;
#1226 = AXIS2_PLACEMENT_3D ( 'NONE', #1353, #2439, #1817 ) ;
#1227 = DIRECTION ( 'NONE',  ( 1.000000000000000000, 0.000000000000000000, 0.000000000000000000 ) ) ;
#1228 = VECTOR ( 'NONE', #1306, 999.9999999999998863 ) ;
#1229 = ORIENTED_EDGE ( 'NONE', *, *, #609, .T. ) ;
#1230 = ORIENTED_EDGE ( 'NONE', *, *, #2065, .F. ) ;
#1231 = VECTOR ( 'NONE', #396, 1000.000000000000000 ) ;
#1232 = CIRCLE ( 'NONE', #1286, 0.7500000000000006661 ) ;
#1233 = EDGE_CURVE ( 'NONE', #1358, #1739, #1782, .T. ) ;
#1234 = CARTESIAN_POINT ( 'NONE',  ( -7.529099748446600238, 10.00000026678289977, 0.000000000000000000 ) ) ;
#1235 = CC_DESIGN_APPROVAL ( #2148, ( #297 ) ) ;
#1236 = VECTOR ( 'NONE', #208, 1000.000000000000000 ) ;
#1237 = ORIENTED_EDGE ( 'NONE', *, *, #1876, .T. ) ;
#1238 = FACE_OUTER_BOUND ( 'NONE', #214, .T. ) ;
#1239 = DIRECTION ( 'NONE',  ( 0.000000000000000000, 1.000000000000000000, 0.000000000000000000 ) ) ;
#1240 = ORIENTED_EDGE ( 'NONE', *, *, #2567, .F. ) ;
#1241 = FACE_OUTER_BOUND ( 'NONE', #1469, .T. ) ;
#1242 = PLANE ( 'NONE',  #2401 ) ;
#1243 = LINE ( 'NONE', #2145, #1463 ) ;
#1244 = FACE_OUTER_BOUND ( 'NONE', #2372, .T. ) ;
#1245 = DIRECTION ( 'NONE',  ( 0.000000000000000000, 0.000000000000000000, -1.000000000000000000 ) ) ;
#1246 = EDGE_LOOP ( 'NONE', ( #1129, #40, #2884, #784 ) ) ;
#1247 = EDGE_CURVE ( 'NONE', #2059, #1911, #654, .T. ) ;
#1248 = DIRECTION ( 'NONE',  ( 0.04267275147541529229, -0.9990891032743361988, 0.000000000000000000 ) ) ;
#1249 = CYLINDRICAL_SURFACE ( 'NONE', #1895, 1.250000000000001110 ) ;
#1250 = ORIENTED_EDGE ( 'NONE', *, *, #1623, .F. ) ;
#1251 = ADVANCED_FACE ( 'NONE', ( #471 ), #2429, .F. ) ;
#1252 = VERTEX_POINT ( 'NONE', #216 ) ;
#1253 = CARTESIAN_POINT ( 'NONE',  ( -33.37044429978649873, 10.47866388408450078, 50.00000000000000000 ) ) ;
#1254 = ORIENTED_EDGE ( 'NONE', *, *, #2138, .F. ) ;
#1255 = DIRECTION ( 'NONE',  ( -0.000000000000000000, -1.000000000000000000, -0.000000000000000000 ) ) ;
#1256 = ORIENTED_EDGE ( 'NONE', *, *, #2731, .T. ) ;
#1257 = DIRECTION ( 'NONE',  ( 0.06651901511742400186, -0.9977851575503656756, 0.000000000000000000 ) ) ;
#1258 = CARTESIAN_POINT ( 'NONE',  ( 17.62910038667759949, 9.999999225060699715, 50.00000000000000000 ) ) ;
#1259 = ADVANCED_BREP_SHAPE_REPRESENTATION ( 'PR173_STEP', ( #867, #1007 ), #2466 ) ;
#1260 = DIRECTION ( 'NONE',  ( 0.000000000000000000, 0.000000000000000000, -1.000000000000000000 ) ) ;
#1261 = ORIENTED_EDGE ( 'NONE', *, *, #2388, .T. ) ;
#1262 = ORIENTED_EDGE ( 'NONE', *, *, #412, .F. ) ;
#1263 = CARTESIAN_POINT ( 'NONE',  ( -14.40068274844659868, 39.28200526678289606, 118.0000000000000000 ) ) ;
#1264 = CARTESIAN_POINT ( 'NONE',  ( 2.570900319115500210, 9.999999745921799743, 0.000000000000000000 ) ) ;
#1265 = EDGE_CURVE ( 'NONE', #2303, #1739, #2894, .T. ) ;
#1266 = ORIENTED_EDGE ( 'NONE', *, *, #614, .T. ) ;
#1267 = VERTEX_POINT ( 'NONE', #263 ) ;
#1268 = CYLINDRICAL_SURFACE ( 'NONE', #319, 0.5000000000000073275 ) ;
#1269 = EDGE_CURVE ( 'NONE', #2108, #2076, #432, .T. ) ;
#1270 = FACE_BOUND ( 'NONE', #1418, .T. ) ;
#1271 = CARTESIAN_POINT ( 'NONE',  ( 20.24000000355669115, 9.251075773784451783, 63.70000000000001705 ) ) ;
#1272 = EDGE_CURVE ( 'NONE', #2120, #2488, #1352, .T. ) ;
#1273 = CARTESIAN_POINT ( 'NONE',  ( -5.799316292130700212, 39.28200454514540496, 0.000000000000000000 ) ) ;
#1274 = VECTOR ( 'NONE', #1227, 1000.000000000000000 ) ;
#1275 = DIRECTION ( 'NONE',  ( -1.000000000000000000, 0.000000000000000000, 0.000000000000000000 ) ) ;
#1276 = DIRECTION ( 'NONE',  ( 0.000000000000000000, 0.000000000000000000, -1.000000000000000000 ) ) ;
#1277 = ORIENTED_EDGE ( 'NONE', *, *, #1247, .T. ) ;
#1278 = CIRCLE ( 'NONE', #717, 0.7500001910092785051 ) ;
#1279 = ORIENTED_EDGE ( 'NONE', *, *, #2051, .T. ) ;
#1280 = CARTESIAN_POINT ( 'NONE',  ( -15.14999974844659825, 39.25000026678289800, 0.000000000000000000 ) ) ;
#1281 = VECTOR ( 'NONE', #803, 1000.000000000000000 ) ;
#1282 = DIRECTION ( 'NONE',  ( 0.000000000000000000, 0.000000000000000000, -1.000000000000000000 ) ) ;
#1283 = VECTOR ( 'NONE', #2356, 1000.000000000000000 ) ;
#1284 = VERTEX_POINT ( 'NONE', #2248 ) ;
#1285 = AXIS2_PLACEMENT_3D ( 'NONE', #1101, #460, #888 ) ;
#1286 = AXIS2_PLACEMENT_3D ( 'NONE', #2168, #2885, #2621 ) ;
#1287 = CC_DESIGN_PERSON_AND_ORGANIZATION_ASSIGNMENT ( #100, #506, ( #1767 ) ) ;
#1288 = CARTESIAN_POINT ( 'NONE',  ( 27.72910045423970260, 10.49999892015999947, 118.0000000000000000 ) ) ;
#1289 = APPROVAL_PERSON_ORGANIZATION ( #261, #2858, #1854 ) ;
#1290 = AXIS2_PLACEMENT_3D ( 'NONE', #1538, #2647, #2904 ) ;
#1291 = ORIENTED_EDGE ( 'NONE', *, *, #2328, .T. ) ;
#1292 = ORIENTED_EDGE ( 'NONE', *, *, #690, .T. ) ;
#1293 = EDGE_CURVE ( 'NONE', #1295, #2845, #952, .T. ) ;
#1294 = CARTESIAN_POINT ( 'NONE',  ( -13.54999999644330622, 8.500000000000000000, 63.70000000000000995 ) ) ;
#1295 = VERTEX_POINT ( 'NONE', #2259 ) ;
#1296 = EDGE_CURVE ( 'NONE', #593, #2111, #2684, .T. ) ;
#1297 = CARTESIAN_POINT ( 'NONE',  ( -33.24999999644330018, 8.500000000000000000, 108.7000000000000028 ) ) ;
#1298 = DIRECTION ( 'NONE',  ( -1.000000000000000000, 0.000000000000000000, 0.000000000000000000 ) ) ;
#1299 = ORIENTED_EDGE ( 'NONE', *, *, #2519, .F. ) ;
#1300 = EDGE_LOOP ( 'NONE', ( #419, #517, #2497, #1505 ) ) ;
#1301 = CARTESIAN_POINT ( 'NONE',  ( -49.24999999644330018, 40.00000000170310699, 0.000000000000000000 ) ) ;
#1302 = LINE ( 'NONE', #1741, #641 ) ;
#1303 = DIRECTION ( 'NONE',  ( 0.04267275147541719355, 0.9990891032743360878, 0.000000000000000000 ) ) ;
#1304 = ORIENTED_EDGE ( 'NONE', *, *, #1698, .T. ) ;
#1305 = APPLICATION_PROTOCOL_DEFINITION ( 'international standard', 'config_control_design', 1994, #1405 ) ;
#1306 = DIRECTION ( 'NONE',  ( -0.04267277775004279378, -0.9990891021521031146, 0.000000000000000000 ) ) ;
#1307 = CARTESIAN_POINT ( 'NONE',  ( 37.82910052180189808, 9.999998183338499658, 0.000000000000000000 ) ) ;
#1308 = DIRECTION ( 'NONE',  ( 0.000000000000000000, 0.000000000000000000, -1.000000000000000000 ) ) ;
#1309 = EDGE_CURVE ( 'NONE', #1494, #1284, #2050, .T. ) ;
#1310 = ORIENTED_EDGE ( 'NONE', *, *, #912, .F. ) ;
#1311 = CARTESIAN_POINT ( 'NONE',  ( 35.35000073756560823, 39.24999840851440069, 50.00000000000000000 ) ) ;
#1312 = LINE ( 'NONE', #2902, #716 ) ;
#1313 = FACE_OUTER_BOUND ( 'NONE', #16, .T. ) ;
#1314 = LINE ( 'NONE', #224, #989 ) ;
#1315 = ORIENTED_EDGE ( 'NONE', *, *, #1992, .F. ) ;
#1316 = CARTESIAN_POINT ( 'NONE',  ( -5.799316292130700212, 39.28200454514540496, 118.0000000000000000 ) ) ;
#1317 = ORIENTED_EDGE ( 'NONE', *, *, #2533, .T. ) ;
#1318 = FACE_OUTER_BOUND ( 'NONE', #1324, .T. ) ;
#1319 = VERTEX_POINT ( 'NONE', #1022 ) ;
#1320 = EDGE_CURVE ( 'NONE', #112, #2262, #2373, .T. ) ;
#1321 = DIRECTION ( 'NONE',  ( -0.000000000000000000, -1.000000000000000000, -0.000000000000000000 ) ) ;
#1322 = CYLINDRICAL_SURFACE ( 'NONE', #2087, 0.7500001910093340163 ) ;
#1323 = ORIENTED_EDGE ( 'NONE', *, *, #653, .F. ) ;
#1324 = EDGE_LOOP ( 'NONE', ( #1636, #1896, #2155, #381 ) ) ;
#1325 = AXIS2_PLACEMENT_3D ( 'NONE', #1728, #1239, #2571 ) ;
#1326 = EDGE_CURVE ( 'NONE', #2868, #316, #1187, .T. ) ;
#1327 = DIRECTION ( 'NONE',  ( 0.000000000000000000, 0.000000000000000000, -1.000000000000000000 ) ) ;
#1328 = CYLINDRICAL_SURFACE ( 'NONE', #1008, 0.4999997164158746510 ) ;
#1329 = CIRCLE ( 'NONE', #69, 0.4999999999999796274 ) ;
#1330 = ORIENTED_EDGE ( 'NONE', *, *, #2114, .F. ) ;
#1331 = VECTOR ( 'NONE', #1928, 1000.000000000000000 ) ;
#1332 = EDGE_CURVE ( 'NONE', #64, #816, #1093, .T. ) ;
#1333 = VECTOR ( 'NONE', #2717, 1000.000000000000114 ) ;
#1334 = LINE ( 'NONE', #1107, #25 ) ;
#1335 = PLANE ( 'NONE',  #78 ) ;
#1336 = CARTESIAN_POINT ( 'NONE',  ( 27.72910045423970260, 10.49999892015999947, 0.000000000000000000 ) ) ;
#1337 = AXIS2_PLACEMENT_3D ( 'NONE', #1431, #972, #1442 ) ;
#1338 = VERTEX_POINT ( 'NONE', #2554 ) ;
#1339 = AXIS2_PLACEMENT_3D ( 'NONE', #105, #1873, #2777 ) ;
#1340 = CONICAL_SURFACE ( 'NONE', #1138, 1.250000000000001110, 1.029744258676654090 ) ;
#1341 = DIRECTION ( 'NONE',  ( 0.04267275147541529229, -0.9990891032743361988, 0.000000000000000000 ) ) ;
#1342 = CC_DESIGN_APPROVAL ( #2858, ( #2558 ) ) ;
#1343 = DIRECTION ( 'NONE',  ( 0.000000000000000000, 0.000000000000000000, -1.000000000000000000 ) ) ;
#1344 = DIRECTION ( 'NONE',  ( 0.000000000000000000, 0.000000000000000000, -1.000000000000000000 ) ) ;
#1345 = DIRECTION ( 'NONE',  ( 0.000000000000000000, 0.000000000000000000, -1.000000000000000000 ) ) ;
#1346 = DIRECTION ( 'NONE',  ( -0.04267275147541520902, -0.9990891032743361988, 0.000000000000000000 ) ) ;
#1347 = EDGE_CURVE ( 'NONE', #1338, #1486, #2743, .T. ) ;
#1348 = ORIENTED_EDGE ( 'NONE', *, *, #2843, .T. ) ;
#1349 = DIRECTION ( 'NONE',  ( 0.000000000000000000, 0.000000000000000000, -1.000000000000000000 ) ) ;
#1350 = EDGE_CURVE ( 'NONE', #2500, #2596, #2099, .T. ) ;
#1351 = DATE_AND_TIME ( #470, #771 ) ;
#1352 = LINE ( 'NONE', #1581, #2359 ) ;
#1353 = CARTESIAN_POINT ( 'NONE',  ( 40.25000000355680640, 8.500000000000000000, 33.69999999999999574 ) ) ;
#1354 = ORIENTED_EDGE ( 'NONE', *, *, #977, .T. ) ;
#1355 = CARTESIAN_POINT ( 'NONE',  ( -49.99999999644330018, 0.7500000017030411525, 0.000000000000000000 ) ) ;
#1356 = CARTESIAN_POINT ( 'NONE',  ( 49.25000000355679930, 1.703053809087859917E-09, 118.0000000000000000 ) ) ;
#1357 = CARTESIAN_POINT ( 'NONE',  ( -12.67089974844670053, 10.50000026678289977, 0.000000000000000000 ) ) ;
#1358 = VERTEX_POINT ( 'NONE', #785 ) ;
#1359 = ORIENTED_EDGE ( 'NONE', *, *, #1320, .F. ) ;
#1360 = DIRECTION ( 'NONE',  ( 0.04267274312663429936, -0.9990891036309265116, 0.000000000000000000 ) ) ;
#1361 = ADVANCED_FACE ( 'NONE', ( #321 ), #586, .F. ) ;
#1362 = CARTESIAN_POINT ( 'NONE',  ( 17.12955560244130027, 10.47866345023660095, 118.0000000000000000 ) ) ;
#1363 = ADVANCED_FACE ( 'NONE', ( #548 ), #116, .F. ) ;
#1364 = FACE_OUTER_BOUND ( 'NONE', #29, .T. ) ;
#1365 = CARTESIAN_POINT ( 'NONE',  ( 27.72910045423970260, 9.999998704199601463, 50.00000000000000000 ) ) ;
#1366 = CARTESIAN_POINT ( 'NONE',  ( 24.50068384299360247, 39.28200350342310543, 0.000000000000000000 ) ) ;
#1367 = LINE ( 'NONE', #2220, #2080 ) ;
#1368 = PLANE ( 'NONE',  #2304 ) ;
#1369 = DIRECTION ( 'NONE',  ( 0.000000000000000000, 0.000000000000000000, 1.000000000000000000 ) ) ;
#1370 = DIRECTION ( 'NONE',  ( 0.000000000000000000, 0.000000000000000000, -1.000000000000000000 ) ) ;
#1371 = CIRCLE ( 'NONE', #2692, 0.7500000000000266454 ) ;
#1372 = CARTESIAN_POINT ( 'NONE',  ( -49.99999999644330018, 5.624999981429099627, 118.0000000000000000 ) ) ;
#1373 = VECTOR ( 'NONE', #1510, 1000.000000000000000 ) ;
#1374 = CIRCLE ( 'NONE', #1382, 0.7499999999999937828 ) ;
#1375 = VERTEX_POINT ( 'NONE', #1693 ) ;
#1376 = VECTOR ( 'NONE', #2161, 1000.000000000000000 ) ;
#1377 = PERSON_AND_ORGANIZATION ( #2312, #2047 ) ;
#1378 = VECTOR ( 'NONE', #142, 1000.000000000000000 ) ;
#1379 = ADVANCED_FACE ( 'NONE', ( #1238 ), #567, .F. ) ;
#1380 = CIRCLE ( 'NONE', #1801, 0.5000002159604305385 ) ;
#1381 = FACE_OUTER_BOUND ( 'NONE', #735, .T. ) ;
#1382 = AXIS2_PLACEMENT_3D ( 'NONE', #1913, #1866, #2594 ) ;
#1383 = ORIENTED_EDGE ( 'NONE', *, *, #2272, .T. ) ;
#1384 = CARTESIAN_POINT ( 'NONE',  ( 23.27044467000339623, 10.47866292937549915, 118.0000000000000000 ) ) ;
#1385 = CARTESIAN_POINT ( 'NONE',  ( 27.22955567000339983, 10.47866292937549915, 118.0000000000000000 ) ) ;
#1386 = EDGE_CURVE ( 'NONE', #1375, #2869, #1477, .T. ) ;
#1387 = ORIENTED_EDGE ( 'NONE', *, *, #2614, .T. ) ;
#1388 = EDGE_LOOP ( 'NONE', ( #294, #2629, #282, #2068 ) ) ;
#1389 = DIRECTION ( 'NONE',  ( 0.000000000000000000, 0.000000000000000000, -1.000000000000000000 ) ) ;
#1390 = ORIENTED_EDGE ( 'NONE', *, *, #1350, .T. ) ;
#1391 = EDGE_LOOP ( 'NONE', ( #789, #2794, #1167, #2185 ) ) ;
#1392 = ADVANCED_FACE ( 'NONE', ( #99 ), #1011, .T. ) ;
#1393 = CARTESIAN_POINT ( 'NONE',  ( 20.24000000355669471, 8.500000000000000000, 63.70000000000001705 ) ) ;
#1394 = DIRECTION ( 'NONE',  ( 1.000000000000000000, 0.000000000000000000, 0.000000000000000000 ) ) ;
#1395 = EDGE_CURVE ( 'NONE', #485, #1686, #1037, .T. ) ;
#1396 = LINE ( 'NONE', #980, #1939 ) ;
#1397 = ORIENTED_EDGE ( 'NONE', *, *, #2036, .T. ) ;
#1398 = ORIENTED_EDGE ( 'NONE', *, *, #2211, .F. ) ;
#1399 = ORIENTED_EDGE ( 'NONE', *, *, #713, .T. ) ;
#1400 = DIRECTION ( 'NONE',  ( 0.000000000000000000, 0.000000000000000000, -1.000000000000000000 ) ) ;
#1401 = ORIENTED_EDGE ( 'NONE', *, *, #1332, .F. ) ;
#1402 = VERTEX_POINT ( 'NONE', #1666 ) ;
#1403 = DIRECTION ( 'NONE',  ( 0.000000000000000000, 0.000000000000000000, -1.000000000000000000 ) ) ;
#1404 = LINE ( 'NONE', #777, #1137 ) ;
#1405 = APPLICATION_CONTEXT ( 'configuration controlled 3d designs of mechanical parts and assemblies' ) ;
#1406 = EDGE_LOOP ( 'NONE', ( #2296, #776, #468, #608 ) ) ;
#1407 = CARTESIAN_POINT ( 'NONE',  ( 36.09931756457540075, 39.28200298256199829, 0.000000000000000000 ) ) ;
#1408 = CARTESIAN_POINT ( 'NONE',  ( -49.24999999644330018, 1.703040486411569998E-09, 0.000000000000000000 ) ) ;
#1409 = DIRECTION ( 'NONE',  ( -1.000000000000000000, 0.000000000000000000, 0.000000000000000000 ) ) ;
#1410 = EDGE_CURVE ( 'NONE', #1739, #2303, #2463, .T. ) ;
#1411 = ORIENTED_EDGE ( 'NONE', *, *, #81, .F. ) ;
#1412 = CARTESIAN_POINT ( 'NONE',  ( 43.03111610063410097, 10.46673867663369961, 118.0000000000000000 ) ) ;
#1413 = AXIS2_PLACEMENT_3D ( 'NONE', #1680, #2622, #1493 ) ;
#1414 = ORIENTED_EDGE ( 'NONE', *, *, #2480, .F. ) ;
#1415 = CIRCLE ( 'NONE', #170, 0.4999997164158746510 ) ;
#1416 = PLANE ( 'NONE',  #546 ) ;
#1417 = VECTOR ( 'NONE', #401, 1000.000000000000000 ) ;
#1418 = EDGE_LOOP ( 'NONE', ( #2048, #2579 ) ) ;
#1419 = AXIS2_PLACEMENT_3D ( 'NONE', #327, #2105, #2577 ) ;
#1420 = AXIS2_PLACEMENT_3D ( 'NONE', #1153, #723, #1701 ) ;
#1421 = CYLINDRICAL_SURFACE ( 'NONE', #587, 1.250000000000001110 ) ;
#1422 = CIRCLE ( 'NONE', #186, 0.7499999999999797939 ) ;
#1423 = FACE_OUTER_BOUND ( 'NONE', #2209, .T. ) ;
#1424 = CARTESIAN_POINT ( 'NONE',  ( -45.70166499644329861, 40.00000000170310699, 0.000000000000000000 ) ) ;
#1425 = VECTOR ( 'NONE', #1019, 1000.000000000000000 ) ;
#1426 = CARTESIAN_POINT ( 'NONE',  ( 7.529100319115400453, 9.999999745921799743, 0.000000000000000000 ) ) ;
#1427 = ORIENTED_EDGE ( 'NONE', *, *, #931, .T. ) ;
#1428 = ORIENTED_EDGE ( 'NONE', *, *, #662, .F. ) ;
#1429 = LINE ( 'NONE', #1168, #1425 ) ;
#1430 = ORIENTED_EDGE ( 'NONE', *, *, #1694, .T. ) ;
#1431 = CARTESIAN_POINT ( 'NONE',  ( 2.570900319115500210, 10.49999974592179974, 50.00000000000000000 ) ) ;
#1432 = EDGE_CURVE ( 'NONE', #129, #1676, #1902, .T. ) ;
#1433 = DATE_AND_TIME ( #82, #1141 ) ;
#1434 = CARTESIAN_POINT ( 'NONE',  ( 37.82910052180189808, 9.999998183338499658, 118.0000000000000000 ) ) ;
#1435 = PLANE ( 'NONE',  #1891 ) ;
#1436 = DIRECTION ( 'NONE',  ( 0.000000000000000000, 0.000000000000000000, -1.000000000000000000 ) ) ;
#1437 = LINE ( 'NONE', #125, #2551 ) ;
#1438 = ORIENTED_EDGE ( 'NONE', *, *, #164, .F. ) ;
#1439 = DIRECTION ( 'NONE',  ( 0.000000000000000000, 0.000000000000000000, -1.000000000000000000 ) ) ;
#1440 = VERTEX_POINT ( 'NONE', #1649 ) ;
#1441 = EDGE_CURVE ( 'NONE', #320, #197, #2141, .T. ) ;
#1442 = DIRECTION ( 'NONE',  ( -1.000000000000000000, 0.000000000000000000, 0.000000000000000000 ) ) ;
#1443 = FACE_BOUND ( 'NONE', #840, .T. ) ;
#1444 = EDGE_LOOP ( 'NONE', ( #1115, #554, #754, #2348 ) ) ;
#1445 = ORIENTED_EDGE ( 'NONE', *, *, #2036, .F. ) ;
#1446 = ADVANCED_FACE ( 'NONE', ( #1213 ), #149, .F. ) ;
#1447 = LINE ( 'NONE', #966, #1943 ) ;
#1448 = DIRECTION ( 'NONE',  ( -0.9990891036309266227, -0.04267274312663430630, 0.000000000000000000 ) ) ;
#1449 = CARTESIAN_POINT ( 'NONE',  ( 36.64126912680249859, 26.59339051370860219, 118.0000000000000000 ) ) ;
#1450 = ORIENTED_EDGE ( 'NONE', *, *, #2167, .T. ) ;
#1451 = ADVANCED_FACE ( 'NONE', ( #527 ), #1416, .F. ) ;
#1452 = DIRECTION ( 'NONE',  ( 0.000000000000000000, 0.000000000000000000, -1.000000000000000000 ) ) ;
#1453 = DIRECTION ( 'NONE',  ( 0.000000000000000000, 0.000000000000000000, 1.000000000000000000 ) ) ;
#1454 = ORIENTED_EDGE ( 'NONE', *, *, #2530, .T. ) ;
#1455 = DIRECTION ( 'NONE',  ( 1.000000000000000000, 0.000000000000000000, 0.000000000000000000 ) ) ;
#1456 = ORIENTED_EDGE ( 'NONE', *, *, #2342, .F. ) ;
#1457 = CARTESIAN_POINT ( 'NONE',  ( -38.24999999644330018, -1.530808498934181463E-16, 33.70000000000000995 ) ) ;
#1458 = FACE_BOUND ( 'NONE', #2192, .T. ) ;
#1459 = CARTESIAN_POINT ( 'NONE',  ( 40.25000000355681351, 0.000000000000000000, 108.6999999999999886 ) ) ;
#1460 = AXIS2_PLACEMENT_3D ( 'NONE', #1365, #1136, #2202 ) ;
#1461 = VERTEX_POINT ( 'NONE', #198 ) ;
#1462 = FACE_OUTER_BOUND ( 'NONE', #1035, .T. ) ;
#1463 = VECTOR ( 'NONE', #1026, 1000.000000000000114 ) ;
#1464 = AXIS2_PLACEMENT_3D ( 'NONE', #2096, #2139, #96 ) ;
#1465 = CARTESIAN_POINT ( 'NONE',  ( -25.99931674844670226, 39.28200526678289606, 0.000000000000000000 ) ) ;
#1466 = DIRECTION ( 'NONE',  ( -0.000000000000000000, -1.000000000000000000, -0.000000000000000000 ) ) ;
#1467 = CIRCLE ( 'NONE', #74, 0.4999997164158477281 ) ;
#1468 = LINE ( 'NONE', #2877, #712 ) ;
#1469 = EDGE_LOOP ( 'NONE', ( #2121, #1038, #2864, #151 ) ) ;
#1470 = VERTEX_POINT ( 'NONE', #2425 ) ;
#1471 = CIRCLE ( 'NONE', #1339, 0.7500000570806673039 ) ;
#1472 = VECTOR ( 'NONE', #705, 1000.000000000000000 ) ;
#1473 = CARTESIAN_POINT ( 'NONE',  ( 32.87090045423970253, 9.999998704199601463, 0.000000000000000000 ) ) ;
#1474 = DIRECTION ( 'NONE',  ( 0.000000000000000000, 0.000000000000000000, -1.000000000000000000 ) ) ;
#1475 = VECTOR ( 'NONE', #266, 1000.000000000000114 ) ;
#1476 = ORIENTED_EDGE ( 'NONE', *, *, #1036, .F. ) ;
#1477 = LINE ( 'NONE', #1884, #2229 ) ;
#1478 = ORIENTED_EDGE ( 'NONE', *, *, #163, .T. ) ;
#1479 = CARTESIAN_POINT ( 'NONE',  ( 4.300683319115400138, 39.28200474592179603, 118.0000000000000000 ) ) ;
#1480 = CARTESIAN_POINT ( 'NONE',  ( 40.25000000355681351, -1.530808498934181463E-16, 109.9499999999999886 ) ) ;
#1481 = ORIENTED_EDGE ( 'NONE', *, *, #2278, .T. ) ;
#1482 = EDGE_CURVE ( 'NONE', #1078, #448, #2400, .T. ) ;
#1483 = DIRECTION ( 'NONE',  ( -1.000000000000000000, 0.000000000000000000, 0.000000000000000000 ) ) ;
#1484 = LINE ( 'NONE', #2656, #2227 ) ;
#1485 = VERTEX_POINT ( 'NONE', #226 ) ;
#1486 = VERTEX_POINT ( 'NONE', #1526 ) ;
#1487 = ADVANCED_FACE ( 'NONE', ( #1091 ), #2001, .F. ) ;
#1488 = DIRECTION ( 'NONE',  ( -1.000000000000000000, 0.000000000000000000, 0.000000000000000000 ) ) ;
#1489 = DIRECTION ( 'NONE',  ( 0.04267277775003889412, 0.9990891021521032256, 0.000000000000000000 ) ) ;
#1490 = ORIENTED_EDGE ( 'NONE', *, *, #1410, .F. ) ;
#1491 = EDGE_LOOP ( 'NONE', ( #2752, #878, #2545, #625 ) ) ;
#1492 = CARTESIAN_POINT ( 'NONE',  ( 50.00000000355680640, 0.7500000017030411525, 0.000000000000000000 ) ) ;
#1493 = DIRECTION ( 'NONE',  ( 0.000000000000000000, 0.000000000000000000, -1.000000000000000000 ) ) ;
#1494 = VERTEX_POINT ( 'NONE', #2386 ) ;
#1495 = CARTESIAN_POINT ( 'NONE',  ( 1.584720886677599694, 39.99999818333850499, 118.0000000000000000 ) ) ;
#1496 = LINE ( 'NONE', #191, #2553 ) ;
#1497 = FACE_OUTER_BOUND ( 'NONE', #2064, .T. ) ;
#1498 = CYLINDRICAL_SURFACE ( 'NONE', #1934, 1.250000000000001110 ) ;
#1499 = APPROVAL ( #1869, 'UNSPECIFIED' ) ;
#1500 = VERTEX_POINT ( 'NONE', #1316 ) ;
#1501 = CARTESIAN_POINT ( 'NONE',  ( -32.87089974844669626, 10.50000026678289977, 0.000000000000000000 ) ) ;
#1502 = CARTESIAN_POINT ( 'NONE',  ( 43.03111610063410097, 10.46673867663369961, 50.00000000000000000 ) ) ;
#1503 = EDGE_CURVE ( 'NONE', #622, #617, #1232, .T. ) ;
#1504 = ORIENTED_EDGE ( 'NONE', *, *, #2763, .T. ) ;
#1505 = ORIENTED_EDGE ( 'NONE', *, *, #463, .T. ) ;
#1506 = LINE ( 'NONE', #1931, #2364 ) ;
#1507 = ORIENTED_EDGE ( 'NONE', *, *, #177, .F. ) ;
#1508 = ADVANCED_FACE ( 'NONE', ( #2213 ), #1335, .F. ) ;
#1509 = LINE ( 'NONE', #2826, #1763 ) ;
#1510 = DIRECTION ( 'NONE',  ( 1.049727191138618449E-16, -0.5150380749100544886, 0.8571673007021121116 ) ) ;
#1511 = CARTESIAN_POINT ( 'NONE',  ( 40.25000000355680640, 8.500000000000000000, 33.69999999999999574 ) ) ;
#1512 = VECTOR ( 'NONE', #851, 1000.000000000000000 ) ;
#1513 = DIRECTION ( 'NONE',  ( 0.000000000000000000, 0.000000000000000000, 1.000000000000000000 ) ) ;
#1514 = FACE_OUTER_BOUND ( 'NONE', #256, .T. ) ;
#1515 = ORIENTED_EDGE ( 'NONE', *, *, #2019, .F. ) ;
#1516 = VECTOR ( 'NONE', #552, 1000.000000000000000 ) ;
#1517 = ORIENTED_EDGE ( 'NONE', *, *, #2098, .F. ) ;
#1518 = DIRECTION ( 'NONE',  ( -1.000000000000000000, 0.000000000000000000, 0.000000000000000000 ) ) ;
#1519 = LINE ( 'NONE', #422, #1527 ) ;
#1520 = AXIS2_PLACEMENT_3D ( 'NONE', #1989, #3, #27 ) ;
#1521 = VERTEX_POINT ( 'NONE', #440 ) ;
#1522 = ORIENTED_EDGE ( 'NONE', *, *, #821, .F. ) ;
#1523 = AXIS2_PLACEMENT_3D ( 'NONE', #1457, #2569, #752 ) ;
#1524 = ORIENTED_EDGE ( 'NONE', *, *, #2843, .F. ) ;
#1525 = EDGE_CURVE ( 'NONE', #1765, #2380, #1506, .T. ) ;
#1526 = CARTESIAN_POINT ( 'NONE',  ( 3.070444870455299569, 10.47866336322340075, 118.0000000000000000 ) ) ;
#1527 = VECTOR ( 'NONE', #1536, 1000.000000000000000 ) ;
#1528 = ORIENTED_EDGE ( 'NONE', *, *, #12, .T. ) ;
#1529 = EDGE_CURVE ( 'NONE', #2262, #94, #462, .T. ) ;
#1530 = PLANE ( 'NONE',  #679 ) ;
#1531 = DIRECTION ( 'NONE',  ( 0.000000000000000000, 0.000000000000000000, -1.000000000000000000 ) ) ;
#1532 = DIRECTION ( 'NONE',  ( 1.049727191138617340E-16, -0.5150380749100560429, 0.8571673007021112234 ) ) ;
#1533 = VERTEX_POINT ( 'NONE', #392 ) ;
#1534 = ORIENTED_EDGE ( 'NONE', *, *, #2822, .F. ) ;
#1535 = CARTESIAN_POINT ( 'NONE',  ( -3.721947589669699852, 25.73218706396909994, 118.0000000000000000 ) ) ;
#1536 = DIRECTION ( 'NONE',  ( 0.000000000000000000, 0.000000000000000000, -1.000000000000000000 ) ) ;
#1537 = VERTEX_POINT ( 'NONE', #1492 ) ;
#1538 = CARTESIAN_POINT ( 'NONE',  ( -32.87089974844669626, 10.50000026678289977, 50.00000000000000000 ) ) ;
#1539 = LINE ( 'NONE', #1778, #227 ) ;
#1540 = ADVANCED_FACE ( 'NONE', ( #2446 ), #1983, .F. ) ;
#1541 = LINE ( 'NONE', #885, #2420 ) ;
#1542 = EDGE_CURVE ( 'NONE', #316, #590, #1727, .T. ) ;
#1543 = CARTESIAN_POINT ( 'NONE',  ( 15.89931742945109860, 39.28200402428429783, 50.00000000000000000 ) ) ;
#1544 = DIRECTION ( 'NONE',  ( -0.000000000000000000, -1.000000000000000000, -0.000000000000000000 ) ) ;
#1545 = ORIENTED_EDGE ( 'NONE', *, *, #1542, .T. ) ;
#1546 = DIRECTION ( 'NONE',  ( -1.000000000000000000, 0.000000000000000000, 0.000000000000000000 ) ) ;
#1547 = DIRECTION ( 'NONE',  ( 0.000000000000000000, 0.000000000000000000, -1.000000000000000000 ) ) ;
#1548 = CARTESIAN_POINT ( 'NONE',  ( -27.22955519710679795, 10.47866388408450078, 50.00000000000000000 ) ) ;
#1549 = DIRECTION ( 'NONE',  ( 0.000000000000000000, 0.000000000000000000, 1.000000000000000000 ) ) ;
#1550 = ORIENTED_EDGE ( 'NONE', *, *, #1833, .F. ) ;
#1551 = DIRECTION ( 'NONE',  ( 1.000000000000000000, 0.000000000000000000, 0.000000000000000000 ) ) ;
#1552 = FACE_OUTER_BOUND ( 'NONE', #1388, .T. ) ;
#1553 = EDGE_CURVE ( 'NONE', #94, #2573, #2187, .T. ) ;
#1554 = DIRECTION ( 'NONE',  ( -1.000000000000000000, 0.000000000000000000, 0.000000000000000000 ) ) ;
#1555 = CIRCLE ( 'NONE', #2886, 0.7500000000000006661 ) ;
#1556 = LINE ( 'NONE', #1784, #1131 ) ;
#1557 = EDGE_CURVE ( 'NONE', #2108, #1065, #1657, .T. ) ;
#1558 = DIRECTION ( 'NONE',  ( 1.049727191138618449E-16, -0.5150380749100544886, 0.8571673007021121116 ) ) ;
#1559 = VECTOR ( 'NONE', #2433, 1000.000000000000000 ) ;
#1560 = EDGE_LOOP ( 'NONE', ( #2514, #1094, #1748, #863 ) ) ;
#1561 = CIRCLE ( 'NONE', #313, 1.250000000000001110 ) ;
#1562 = AXIS2_PLACEMENT_3D ( 'NONE', #937, #1672, #1162 ) ;
#1563 = CARTESIAN_POINT ( 'NONE',  ( -7.529099748446600238, 10.00000026678289977, 0.000000000000000000 ) ) ;
#1564 = CIRCLE ( 'NONE', #724, 0.7500000000000266454 ) ;
#1565 = CIRCLE ( 'NONE', #1888, 1.250000000000001110 ) ;
#1566 = CONICAL_SURFACE ( 'NONE', #684, 1.250000000000001110, 1.029744258676652313 ) ;
#1567 = APPROVAL_STATUS ( 'not_yet_approved' ) ;
#1568 = DIRECTION ( 'NONE',  ( -0.000000000000000000, -1.000000000000000000, -0.000000000000000000 ) ) ;
#1569 = DIRECTION ( 'NONE',  ( 0.000000000000000000, 0.000000000000000000, -1.000000000000000000 ) ) ;
#1570 = ORIENTED_EDGE ( 'NONE', *, *, #2866, .F. ) ;
#1571 = FACE_OUTER_BOUND ( 'NONE', #1406, .T. ) ;
#1572 = ORIENTED_EDGE ( 'NONE', *, *, #2153, .F. ) ;
#1573 = ORIENTED_EDGE ( 'NONE', *, *, #1694, .F. ) ;
#1574 = ADVANCED_FACE ( 'NONE', ( #180 ), #1766, .F. ) ;
#1575 = LINE ( 'NONE', #2473, #1174 ) ;
#1576 = CARTESIAN_POINT ( 'NONE',  ( 49.25000052180190124, 39.99999818333850499, 50.00000000000000000 ) ) ;
#1577 = EDGE_CURVE ( 'NONE', #529, #316, #1609, .T. ) ;
#1578 = ORIENTED_EDGE ( 'NONE', *, *, #2552, .F. ) ;
#1579 = FACE_OUTER_BOUND ( 'NONE', #874, .T. ) ;
#1580 = CARTESIAN_POINT ( 'NONE',  ( -38.24999999644330018, 8.500000000000000000, 33.70000000000000995 ) ) ;
#1581 = CARTESIAN_POINT ( 'NONE',  ( -42.53222374844670384, 10.00000026678289977, 50.00000000000000000 ) ) ;
#1582 = DIRECTION ( 'NONE',  ( -1.000000000000000000, 0.000000000000000000, 0.000000000000000000 ) ) ;
#1583 = CARTESIAN_POINT ( 'NONE',  ( -12.67089974844670053, 10.00000026678289977, 50.00000000000000000 ) ) ;
#1584 = ORIENTED_EDGE ( 'NONE', *, *, #2903, .F. ) ;
#1585 = VERTEX_POINT ( 'NONE', #660 ) ;
#1586 = CARTESIAN_POINT ( 'NONE',  ( 16.45966074036759963, 26.16278891857109912, 118.0000000000000000 ) ) ;
#1587 = DIRECTION ( 'NONE',  ( 0.04267275147541910868, 0.9990891032743360878, 0.000000000000000000 ) ) ;
#1588 = ORIENTED_EDGE ( 'NONE', *, *, #2102, .T. ) ;
#1589 = PLANE ( 'NONE',  #2416 ) ;
#1590 = EDGE_CURVE ( 'NONE', #2869, #1041, #1005, .T. ) ;
#1591 = ORIENTED_EDGE ( 'NONE', *, *, #1265, .F. ) ;
#1592 = ORIENTED_EDGE ( 'NONE', *, *, #446, .T. ) ;
#1593 = ADVANCED_FACE ( 'NONE', ( #2435 ), #1268, .F. ) ;
#1594 = PERSON_AND_ORGANIZATION_ROLE ( 'creator' ) ;
#1595 = CARTESIAN_POINT ( 'NONE',  ( -34.60068274844670100, 39.28200526678289606, 50.00000000000000000 ) ) ;
#1596 = CARTESIAN_POINT ( 'NONE',  ( 32.87090045423970253, 10.49999842061550126, 118.0000000000000000 ) ) ;
#1597 = CARTESIAN_POINT ( 'NONE',  ( 50.00000000355680640, 0.7500000017030411525, 50.00000000000000000 ) ) ;
#1598 = CARTESIAN_POINT ( 'NONE',  ( 35.35000073756560823, 39.24999840851440069, 0.000000000000000000 ) ) ;
#1599 = CYLINDRICAL_SURFACE ( 'NONE', #761, 0.7499999999999972244 ) ;
#1600 = VECTOR ( 'NONE', #2665, 1000.000000000000000 ) ;
#1601 = ORIENTED_EDGE ( 'NONE', *, *, #1036, .T. ) ;
#1602 = CARTESIAN_POINT ( 'NONE',  ( 15.89931742945109860, 39.28200402428429783, 50.00000000000000000 ) ) ;
#1603 = DIRECTION ( 'NONE',  ( 0.000000000000000000, -1.000000000000000000, 0.000000000000000000 ) ) ;
#1604 = CIRCLE ( 'NONE', #2797, 0.5000000000000091038 ) ;
#1605 = AXIS2_PLACEMENT_3D ( 'NONE', #953, #2767, #1207 ) ;
#1606 = ADVANCED_FACE ( 'NONE', ( #9 ), #1149, .F. ) ;
#1607 = VECTOR ( 'NONE', #2116, 1000.000000000000114 ) ;
#1608 = VECTOR ( 'NONE', #135, 1000.000000000000000 ) ;
#1609 = CIRCLE ( 'NONE', #2844, 0.7500000570806673039 ) ;
#1610 = FACE_OUTER_BOUND ( 'NONE', #1665, .T. ) ;
#1611 = ORIENTED_EDGE ( 'NONE', *, *, #738, .T. ) ;
#1612 = CC_DESIGN_SECURITY_CLASSIFICATION ( #1767, ( #2558 ) ) ;
#1613 = EDGE_LOOP ( 'NONE', ( #2095, #2327, #243 ) ) ;
#1614 = CARTESIAN_POINT ( 'NONE',  ( -12.67089974844670053, 10.00000026678289977, 118.0000000000000000 ) ) ;
#1615 = CARTESIAN_POINT ( 'NONE',  ( 40.25000000355681351, 8.500000000000000000, 108.6999999999999886 ) ) ;
#1616 = EDGE_LOOP ( 'NONE', ( #2568, #358, #2447, #200 ) ) ;
#1617 = VERTEX_POINT ( 'NONE', #2690 ) ;
#1618 = FACE_OUTER_BOUND ( 'NONE', #176, .T. ) ;
#1619 = ORIENTED_EDGE ( 'NONE', *, *, #916, .T. ) ;
#1620 = ORIENTED_EDGE ( 'NONE', *, *, #765, .T. ) ;
#1621 = ORIENTED_EDGE ( 'NONE', *, *, #1859, .F. ) ;
#1622 = CARTESIAN_POINT ( 'NONE',  ( -35.34999974844669879, 39.25000026678289800, 50.00000000000000000 ) ) ;
#1623 = EDGE_CURVE ( 'NONE', #19, #2800, #41, .T. ) ;
#1624 = CYLINDRICAL_SURFACE ( 'NONE', #1646, 0.7500000000000006661 ) ;
#1625 = EDGE_LOOP ( 'NONE', ( #1323, #1002, #2360 ) ) ;
#1626 = VERTEX_POINT ( 'NONE', #1130 ) ;
#1627 = CARTESIAN_POINT ( 'NONE',  ( -13.54999999644330622, 8.500000000000000000, 62.45000000000000284 ) ) ;
#1628 = CYLINDRICAL_SURFACE ( 'NONE', #1840, 0.5000002159603750274 ) ;
#1629 = LINE ( 'NONE', #126, #67 ) ;
#1630 = EDGE_CURVE ( 'NONE', #2079, #1826, #2182, .T. ) ;
#1631 = ORIENTED_EDGE ( 'NONE', *, *, #977, .F. ) ;
#1632 = EDGE_LOOP ( 'NONE', ( #1742, #1230 ) ) ;
#1633 = DIRECTION ( 'NONE',  ( -1.000000000000000000, 0.000000000000000000, 0.000000000000000000 ) ) ;
#1634 = CARTESIAN_POINT ( 'NONE',  ( -5.049999465120800224, 39.24999997109769367, 118.0000000000000000 ) ) ;
#1635 = ORIENTED_EDGE ( 'NONE', *, *, #965, .T. ) ;
#1636 = ORIENTED_EDGE ( 'NONE', *, *, #2292, .T. ) ;
#1637 = CARTESIAN_POINT ( 'NONE',  ( -27.72909974844669989, 10.50000026678289977, 118.0000000000000000 ) ) ;
#1638 = DIRECTION ( 'NONE',  ( 1.000000000000000000, 0.000000000000000000, 0.000000000000000000 ) ) ;
#1639 = DIRECTION ( 'NONE',  ( 1.049727191138618449E-16, -0.5150380749100544886, 0.8571673007021121116 ) ) ;
#1640 = PLANE ( 'NONE',  #857 ) ;
#1641 = VERTEX_POINT ( 'NONE', #1120 ) ;
#1642 = ORIENTED_EDGE ( 'NONE', *, *, #1872, .F. ) ;
#1643 = EDGE_CURVE ( 'NONE', #1765, #2341, #413, .T. ) ;
#1644 = CARTESIAN_POINT ( 'NONE',  ( -7.029555465120798985, 10.47866397109769920, 50.00000000000000000 ) ) ;
#1645 = CARTESIAN_POINT ( 'NONE',  ( -14.40068274844659868, 39.28200526678289606, 50.00000000000000000 ) ) ;
#1646 = AXIS2_PLACEMENT_3D ( 'NONE', #2298, #88, #2320 ) ;
#1647 = EDGE_LOOP ( 'NONE', ( #2829, #2090, #1027, #399 ) ) ;
#1648 = VECTOR ( 'NONE', #2436, 1000.000000000000000 ) ;
#1649 = CARTESIAN_POINT ( 'NONE',  ( 20.24000000355669471, 2.755455298081549092E-17, 62.45000000000001705 ) ) ;
#1650 = ORIENTED_EDGE ( 'NONE', *, *, #62, .T. ) ;
#1651 = CIRCLE ( 'NONE', #405, 0.7500000000000284217 ) ;
#1652 = ORIENTED_EDGE ( 'NONE', *, *, #916, .F. ) ;
#1653 = CIRCLE ( 'NONE', #275, 1.250000000000001110 ) ;
#1654 = VECTOR ( 'NONE', #361, 1000.000000000000000 ) ;
#1655 = DIRECTION ( 'NONE',  ( -0.04267275147541520902, 0.9990891032743361988, 0.000000000000000000 ) ) ;
#1656 = LINE ( 'NONE', #2561, #2779 ) ;
#1657 = CIRCLE ( 'NONE', #638, 0.5000002159603750274 ) ;
#1658 = DIRECTION ( 'NONE',  ( -1.000000000000000000, 0.000000000000000000, 0.000000000000000000 ) ) ;
#1659 = DIRECTION ( 'NONE',  ( -0.04267275147541910868, -0.9990891032743360878, 0.000000000000000000 ) ) ;
#1660 = DIRECTION ( 'NONE',  ( 0.000000000000000000, 0.000000000000000000, -1.000000000000000000 ) ) ;
#1661 = EDGE_CURVE ( 'NONE', #435, #2441, #2057, .T. ) ;
#1662 = ORIENTED_EDGE ( 'NONE', *, *, #107, .T. ) ;
#1663 = LINE ( 'NONE', #1196, #1769 ) ;
#1664 = ADVANCED_FACE ( 'NONE', ( #702 ), #1589, .F. ) ;
#1665 = EDGE_LOOP ( 'NONE', ( #2238, #1304, #2836, #2398 ) ) ;
#1666 = CARTESIAN_POINT ( 'NONE',  ( -37.82909974844670131, 10.00000026678289977, 0.000000000000000000 ) ) ;
#1667 = VERTEX_POINT ( 'NONE', #2494 ) ;
#1668 = ORIENTED_EDGE ( 'NONE', *, *, #925, .T. ) ;
#1669 = APPLICATION_CONTEXT ( 'configuration controlled 3d designs of mechanical parts and assemblies' ) ;
#1670 = DIRECTION ( 'NONE',  ( -1.000000000000000000, 0.000000000000000000, 0.000000000000000000 ) ) ;
#1671 = CARTESIAN_POINT ( 'NONE',  ( -33.99435997798849485, 25.08628429526579851, 118.0000000000000000 ) ) ;
#1672 = DIRECTION ( 'NONE',  ( -0.000000000000000000, -1.000000000000000000, -0.000000000000000000 ) ) ;
#1673 = DIRECTION ( 'NONE',  ( -1.000000000000000000, 0.000000000000000000, 0.000000000000000000 ) ) ;
#1674 = VERTEX_POINT ( 'NONE', #1563 ) ;
#1675 = CARTESIAN_POINT ( 'NONE',  ( 33.37044473756560592, 10.47866240851439912, 50.00000000000000000 ) ) ;
#1676 = VERTEX_POINT ( 'NONE', #503 ) ;
#1677 = ORIENTED_EDGE ( 'NONE', *, *, #1781, .T. ) ;
#1678 = ADVANCED_FACE ( 'NONE', ( #1618 ), #1340, .F. ) ;
#1679 = DIRECTION ( 'NONE',  ( 0.000000000000000000, 0.000000000000000000, -1.000000000000000000 ) ) ;
#1680 = CARTESIAN_POINT ( 'NONE',  ( 7.529100319115400453, 9.999999745921799743, 50.00000000000000000 ) ) ;
#1681 = ORIENTED_EDGE ( 'NONE', *, *, #107, .F. ) ;
#1682 = ORIENTED_EDGE ( 'NONE', *, *, #943, .T. ) ;
#1683 = LINE ( 'NONE', #1495, #1231 ) ;
#1684 = DIRECTION ( 'NONE',  ( -1.000000000000000000, 0.000000000000000000, 0.000000000000000000 ) ) ;
#1685 = CARTESIAN_POINT ( 'NONE',  ( 22.77090038667759941, 9.999999225060699715, 50.00000000000000000 ) ) ;
#1686 = VERTEX_POINT ( 'NONE', #692 ) ;
#1687 = DIRECTION ( 'NONE',  ( 0.000000000000000000, 0.000000000000000000, -1.000000000000000000 ) ) ;
#1688 = DIRECTION ( 'NONE',  ( -0.000000000000000000, -1.000000000000000000, -0.000000000000000000 ) ) ;
#1689 = LINE ( 'NONE', #172, #2598 ) ;
#1690 = LINE ( 'NONE', #971, #2049 ) ;
#1691 = ORIENTED_EDGE ( 'NONE', *, *, #1039, .T. ) ;
#1692 = ORIENTED_EDGE ( 'NONE', *, *, #1795, .F. ) ;
#1693 = CARTESIAN_POINT ( 'NONE',  ( 25.99931749701319816, 39.28200350342310543, 118.0000000000000000 ) ) ;
#1694 = EDGE_CURVE ( 'NONE', #2142, #2477, #2283, .T. ) ;
#1695 = VECTOR ( 'NONE', #582, 1000.000000000000000 ) ;
#1696 = DIRECTION ( 'NONE',  ( 1.000000000000000000, 0.000000000000000000, 0.000000000000000000 ) ) ;
#1697 = AXIS2_PLACEMENT_3D ( 'NONE', #1580, #2483, #479 ) ;
#1698 = EDGE_CURVE ( 'NONE', #566, #2041, #2722, .T. ) ;
#1699 = AXIS2_PLACEMENT_3D ( 'NONE', #751, #438, #388 ) ;
#1700 = VECTOR ( 'NONE', #483, 1000.000000000000000 ) ;
#1701 = DIRECTION ( 'NONE',  ( 0.06651903240569630171, 0.9977851563978139549, 0.000000000000000000 ) ) ;
#1702 = CARTESIAN_POINT ( 'NONE',  ( -15.89931674844670084, 39.28200526678289606, 50.00000000000000000 ) ) ;
#1703 = CONICAL_SURFACE ( 'NONE', #457, 1.250000000000001110, 1.029744258676654090 ) ;
#1704 = AXIS2_PLACEMENT_3D ( 'NONE', #695, #911, #13 ) ;
#1705 = ORIENTED_EDGE ( 'NONE', *, *, #1071, .T. ) ;
#1706 = AXIS2_PLACEMENT_3D ( 'NONE', #1294, #790, #201 ) ;
#1707 = VECTOR ( 'NONE', #1080, 1000.000000000000000 ) ;
#1708 = CYLINDRICAL_SURFACE ( 'NONE', #2695, 0.7500000000000284217 ) ;
#1709 = DIRECTION ( 'NONE',  ( -1.000000000000000000, 0.000000000000000000, 0.000000000000000000 ) ) ;
#1710 = PLANE ( 'NONE',  #572 ) ;
#1711 = ORIENTED_EDGE ( 'NONE', *, *, #283, .F. ) ;
#1712 = CARTESIAN_POINT ( 'NONE',  ( 25.25000067000339854, 39.24999892937550072, 0.000000000000000000 ) ) ;
#1713 = ORIENTED_EDGE ( 'NONE', *, *, #47, .T. ) ;
#1714 = ADVANCED_FACE ( 'NONE', ( #1579 ), #1834, .T. ) ;
#1715 = DIRECTION ( 'NONE',  ( -0.000000000000000000, -1.000000000000000000, -0.000000000000000000 ) ) ;
#1716 = ORIENTED_EDGE ( 'NONE', *, *, #2769, .T. ) ;
#1717 = CARTESIAN_POINT ( 'NONE',  ( 24.50068384299360247, 39.28200350342310543, 0.000000000000000000 ) ) ;
#1718 = EDGE_CURVE ( 'NONE', #444, #697, #1948, .T. ) ;
#1719 = PLANE ( 'NONE',  #32 ) ;
#1720 = FACE_OUTER_BOUND ( 'NONE', #2222, .T. ) ;
#1721 = VERTEX_POINT ( 'NONE', #1362 ) ;
#1722 = DIRECTION ( 'NONE',  ( 0.000000000000000000, 0.000000000000000000, -1.000000000000000000 ) ) ;
#1723 = EDGE_CURVE ( 'NONE', #193, #1057, #2044, .T. ) ;
#1724 = CARTESIAN_POINT ( 'NONE',  ( 13.17044460244130022, 10.47866345023660095, 50.00000000000000000 ) ) ;
#1725 = VERTEX_POINT ( 'NONE', #2269 ) ;
#1726 = ORIENTED_EDGE ( 'NONE', *, *, #205, .F. ) ;
#1727 = LINE ( 'NONE', #452, #1707 ) ;
#1728 = CARTESIAN_POINT ( 'NONE',  ( -49.24999999644330018, 1.703040486411569998E-09, 50.00000000000000000 ) ) ;
#1729 = CARTESIAN_POINT ( 'NONE',  ( 43.03111610063410097, 10.46673867663369961, 0.000000000000000000 ) ) ;
#1730 = CARTESIAN_POINT ( 'NONE',  ( -33.24999999644330018, 8.500000000000000000, 108.7000000000000028 ) ) ;
#1731 = LINE ( 'NONE', #619, #1373 ) ;
#1732 = LINE ( 'NONE', #2590, #2119 ) ;
#1733 = ORIENTED_EDGE ( 'NONE', *, *, #1590, .T. ) ;
#1734 = LINE ( 'NONE', #2411, #1512 ) ;
#1735 = CARTESIAN_POINT ( 'NONE',  ( 20.24000000355669471, 8.500000000000000000, 63.70000000000001705 ) ) ;
#1736 = DIRECTION ( 'NONE',  ( 0.04267275147541529229, 0.9990891032743361988, 0.000000000000000000 ) ) ;
#1737 = ORIENTED_EDGE ( 'NONE', *, *, #2078, .F. ) ;
#1738 = ADVANCED_FACE ( 'NONE', ( #61 ), #1566, .F. ) ;
#1739 = VERTEX_POINT ( 'NONE', #469 ) ;
#1740 = DIRECTION ( 'NONE',  ( 1.000000000000000000, 0.000000000000000000, 0.000000000000000000 ) ) ;
#1741 = CARTESIAN_POINT ( 'NONE',  ( 6.368856611295599990, 25.94748843211879930, 118.0000000000000000 ) ) ;
#1742 = ORIENTED_EDGE ( 'NONE', *, *, #1169, .F. ) ;
#1743 = EDGE_CURVE ( 'NONE', #1641, #2522, #2730, .T. ) ;
#1744 = DIRECTION ( 'NONE',  ( 0.000000000000000000, 0.000000000000000000, -1.000000000000000000 ) ) ;
#1745 = DIRECTION ( 'NONE',  ( 1.000000000000000000, 0.000000000000000000, 0.000000000000000000 ) ) ;
#1746 = VERTEX_POINT ( 'NONE', #1800 ) ;
#1747 = ORIENTED_EDGE ( 'NONE', *, *, #1109, .T. ) ;
#1748 = ORIENTED_EDGE ( 'NONE', *, *, #634, .F. ) ;
#1749 = FACE_OUTER_BOUND ( 'NONE', #1929, .T. ) ;
#1750 = DIRECTION ( 'NONE',  ( 1.000000000000000000, 0.000000000000000000, 0.000000000000000000 ) ) ;
#1751 = DIRECTION ( 'NONE',  ( 1.000000000000000000, 0.000000000000000000, 0.000000000000000000 ) ) ;
#1752 = DIRECTION ( 'NONE',  ( 0.000000000000000000, 0.000000000000000000, -1.000000000000000000 ) ) ;
#1753 = AXIS2_PLACEMENT_3D ( 'NONE', #2240, #450, #917 ) ;
#1754 = ORIENTED_EDGE ( 'NONE', *, *, #2533, .F. ) ;
#1755 = AXIS2_PLACEMENT_3D ( 'NONE', #1280, #1063, #1740 ) ;
#1756 = ORIENTED_EDGE ( 'NONE', *, *, #1121, .F. ) ;
#1757 = ORIENTED_EDGE ( 'NONE', *, *, #1482, .T. ) ;
#1758 = LINE ( 'NONE', #1964, #2546 ) ;
#1759 = VECTOR ( 'NONE', #621, 1000.000000000000000 ) ;
#1760 = CARTESIAN_POINT ( 'NONE',  ( -17.12955519710680008, 10.47866388408450078, 118.0000000000000000 ) ) ;
#1761 = AXIS2_PLACEMENT_3D ( 'NONE', #2020, #2484, #1139 ) ;
#1762 = EDGE_CURVE ( 'NONE', #102, #2354, #2318, .T. ) ;
#1763 = VECTOR ( 'NONE', #347, 1000.000000000000000 ) ;
#1764 = AXIS2_PLACEMENT_3D ( 'NONE', #426, #865, #603 ) ;
#1765 = VERTEX_POINT ( 'NONE', #302 ) ;
#1766 = PLANE ( 'NONE',  #2131 ) ;
#1767 = SECURITY_CLASSIFICATION ( '', '', #744 ) ;
#1768 = EDGE_CURVE ( 'NONE', #1217, #1814, #1429, .T. ) ;
#1769 = VECTOR ( 'NONE', #1184, 1000.000000000000000 ) ;
#1770 = APPLICATION_PROTOCOL_DEFINITION ( 'international standard', 'config_control_design', 1994, #1669 ) ;
#1771 = PLANE ( 'NONE',  #498 ) ;
#1772 = FACE_OUTER_BOUND ( 'NONE', #2564, .T. ) ;
#1773 = ORIENTED_EDGE ( 'NONE', *, *, #2444, .F. ) ;
#1774 = DIRECTION ( 'NONE',  ( 0.000000000000000000, 0.000000000000000000, 1.000000000000000000 ) ) ;
#1775 = CARTESIAN_POINT ( 'NONE',  ( 40.25000000355680640, -1.530808498934181463E-16, 34.94999999999999574 ) ) ;
#1776 = ORIENTED_EDGE ( 'NONE', *, *, #1958, .F. ) ;
#1777 = CARTESIAN_POINT ( 'NONE',  ( -13.54999999644330622, 0.000000000000000000, 63.70000000000000995 ) ) ;
#1778 = CARTESIAN_POINT ( 'NONE',  ( -33.24999999644330018, 8.500000000000000000, 107.4500000000000028 ) ) ;
#1779 = EDGE_CURVE ( 'NONE', #2804, #2441, #188, .T. ) ;
#1780 = DIRECTION ( 'NONE',  ( -1.000000000000000000, 0.000000000000000000, 0.000000000000000000 ) ) ;
#1781 = EDGE_CURVE ( 'NONE', #1674, #848, #1210, .T. ) ;
#1782 = LINE ( 'NONE', #2696, #1177 ) ;
#1783 = CARTESIAN_POINT ( 'NONE',  ( 17.62910038667759949, 9.999999225060699715, 118.0000000000000000 ) ) ;
#1784 = CARTESIAN_POINT ( 'NONE',  ( 27.72910045423970260, 9.999998704199601463, 50.00000000000000000 ) ) ;
#1785 = LINE ( 'NONE', #2461, #2136 ) ;
#1786 = ORIENTED_EDGE ( 'NONE', *, *, #2258, .T. ) ;
#1787 = DIRECTION ( 'NONE',  ( 0.000000000000000000, 0.000000000000000000, 1.000000000000000000 ) ) ;
#1788 = COORDINATED_UNIVERSAL_TIME_OFFSET ( 1, 0, .AHEAD. ) ;
#1789 = EDGE_CURVE ( 'NONE', #2573, #1985, #1604, .T. ) ;
#1790 = PLANE ( 'NONE',  #2507 ) ;
#1791 = LINE ( 'NONE', #682, #909 ) ;
#1792 = AXIS2_PLACEMENT_3D ( 'NONE', #981, #762, #1660 ) ;
#1793 = LINE ( 'NONE', #2459, #1700 ) ;
#1794 = CARTESIAN_POINT ( 'NONE',  ( -7.529099748446600238, 10.49999998319880135, 0.000000000000000000 ) ) ;
#1795 = EDGE_CURVE ( 'NONE', #1209, #1267, #113, .T. ) ;
#1796 = CIRCLE ( 'NONE', #1089, 0.7500001910093357926 ) ;
#1797 = ORIENTED_EDGE ( 'NONE', *, *, #47, .F. ) ;
#1798 = VECTOR ( 'NONE', #1072, 1000.000000000000000 ) ;
#1799 = VECTOR ( 'NONE', #109, 1000.000000000000114 ) ;
#1800 = CARTESIAN_POINT ( 'NONE',  ( -23.27044429978660034, 10.47866388408450078, 118.0000000000000000 ) ) ;
#1801 = AXIS2_PLACEMENT_3D ( 'NONE', #2453, #14, #896 ) ;
#1802 = CIRCLE ( 'NONE', #2410, 1.250000000000001110 ) ;
#1803 = AXIS2_PLACEMENT_3D ( 'NONE', #2326, #2771, #2337 ) ;
#1804 = CARTESIAN_POINT ( 'NONE',  ( 0.000000000000000000, 0.000000000000000000, 0.000000000000000000 ) ) ;
#1805 = CC_DESIGN_PERSON_AND_ORGANIZATION_ASSIGNMENT ( #1377, #1841, ( #2558 ) ) ;
#1806 = DIRECTION ( 'NONE',  ( 0.000000000000000000, -1.000000000000000000, 0.000000000000000000 ) ) ;
#1807 = LINE ( 'NONE', #696, #767 ) ;
#1808 = LINE ( 'NONE', #1583, #624 ) ;
#1809 = ORIENTED_EDGE ( 'NONE', *, *, #2649, .F. ) ;
#1810 = EDGE_CURVE ( 'NONE', #2417, #697, #1663, .T. ) ;
#1811 = CARTESIAN_POINT ( 'NONE',  ( -27.72909974844669989, 10.50000026678289977, 0.000000000000000000 ) ) ;
#1812 = FACE_OUTER_BOUND ( 'NONE', #247, .T. ) ;
#1813 = DIRECTION ( 'NONE',  ( 0.000000000000000000, 0.000000000000000000, -1.000000000000000000 ) ) ;
#1814 = VERTEX_POINT ( 'NONE', #960 ) ;
#1815 = DIRECTION ( 'NONE',  ( -0.000000000000000000, -1.000000000000000000, -0.000000000000000000 ) ) ;
#1816 = FACE_OUTER_BOUND ( 'NONE', #597, .T. ) ;
#1817 = DIRECTION ( 'NONE',  ( 0.000000000000000000, 0.000000000000000000, -1.000000000000000000 ) ) ;
#1818 = ORIENTED_EDGE ( 'NONE', *, *, #2803, .T. ) ;
#1819 = LINE ( 'NONE', #2024, #1333 ) ;
#1820 = DIRECTION ( 'NONE',  ( 0.000000000000000000, 0.000000000000000000, -1.000000000000000000 ) ) ;
#1821 = EDGE_CURVE ( 'NONE', #1882, #1338, #329, .T. ) ;
#1822 = ORIENTED_EDGE ( 'NONE', *, *, #2493, .F. ) ;
#1823 = DIRECTION ( 'NONE',  ( 0.000000000000000000, 0.000000000000000000, -1.000000000000000000 ) ) ;
#1824 = EDGE_CURVE ( 'NONE', #2500, #2495, #280, .T. ) ;
#1825 = ORIENTED_EDGE ( 'NONE', *, *, #2325, .F. ) ;
#1826 = VERTEX_POINT ( 'NONE', #341 ) ;
#1827 = EDGE_LOOP ( 'NONE', ( #2879, #2389, #1945, #2026 ) ) ;
#1828 = DIRECTION ( 'NONE',  ( 0.000000000000000000, 0.000000000000000000, -1.000000000000000000 ) ) ;
#1829 = CARTESIAN_POINT ( 'NONE',  ( 15.89931742945109860, 39.28200402428429783, 0.000000000000000000 ) ) ;
#1830 = FACE_OUTER_BOUND ( 'NONE', #1560, .T. ) ;
#1831 = ORIENTED_EDGE ( 'NONE', *, *, #58, .F. ) ;
#1832 = CYLINDRICAL_SURFACE ( 'NONE', #353, 0.4999997164158512253 ) ;
#1833 = EDGE_CURVE ( 'NONE', #1836, #292, #2107, .T. ) ;
#1834 = CYLINDRICAL_SURFACE ( 'NONE', #2707, 0.7500001910093357926 ) ;
#1835 = VECTOR ( 'NONE', #2575, 1000.000000000000114 ) ;
#1836 = VERTEX_POINT ( 'NONE', #565 ) ;
#1837 = CIRCLE ( 'NONE', #1143, 0.7499999999999972244 ) ;
#1838 = VECTOR ( 'NONE', #1893, 1000.000000000000000 ) ;
#1839 = EDGE_CURVE ( 'NONE', #64, #1402, #131, .T. ) ;
#1840 = AXIS2_PLACEMENT_3D ( 'NONE', #514, #1848, #1673 ) ;
#1841 = PERSON_AND_ORGANIZATION_ROLE ( 'design_supplier' ) ;
#1842 = AXIS2_PLACEMENT_3D ( 'NONE', #332, #2156, #1200 ) ;
#1843 = DIRECTION ( 'NONE',  ( 0.000000000000000000, 0.000000000000000000, 1.000000000000000000 ) ) ;
#1844 = ORIENTED_EDGE ( 'NONE', *, *, #1553, .F. ) ;
#1845 = FACE_OUTER_BOUND ( 'NONE', #59, .T. ) ;
#1846 = DIRECTION ( 'NONE',  ( 0.000000000000000000, 1.000000000000000000, 0.000000000000000000 ) ) ;
#1847 = CARTESIAN_POINT ( 'NONE',  ( 40.25000000355681351, 8.500000000000000000, 108.6999999999999886 ) ) ;
#1848 = DIRECTION ( 'NONE',  ( 0.000000000000000000, 0.000000000000000000, -1.000000000000000000 ) ) ;
#1849 = ORIENTED_EDGE ( 'NONE', *, *, #798, .F. ) ;
#1850 = VERTEX_POINT ( 'NONE', #743 ) ;
#1851 = DIRECTION ( 'NONE',  ( 0.000000000000000000, 0.000000000000000000, -1.000000000000000000 ) ) ;
#1852 = ORIENTED_EDGE ( 'NONE', *, *, #24, .T. ) ;
#1853 = VERTEX_POINT ( 'NONE', #525 ) ;
#1854 = APPROVAL_ROLE ( '' ) ;
#1855 = ORIENTED_EDGE ( 'NONE', *, *, #1557, .T. ) ;
#1856 = DIRECTION ( 'NONE',  ( 0.000000000000000000, 0.000000000000000000, -1.000000000000000000 ) ) ;
#1857 = DIRECTION ( 'NONE',  ( -0.000000000000000000, -1.000000000000000000, -0.000000000000000000 ) ) ;
#1858 = CARTESIAN_POINT ( 'NONE',  ( -4.300682638110999712, 39.28200454514540496, 50.00000000000000000 ) ) ;
#1859 = EDGE_CURVE ( 'NONE', #2715, #444, #769, .T. ) ;
#1860 = ORIENTED_EDGE ( 'NONE', *, *, #1914, .F. ) ;
#1861 = CARTESIAN_POINT ( 'NONE',  ( 45.70166552180189967, 39.99999818333850499, 50.00000000000000000 ) ) ;
#1862 = CARTESIAN_POINT ( 'NONE',  ( -4.300682638110999712, 39.28200454514540496, 0.000000000000000000 ) ) ;
#1863 = DIRECTION ( 'NONE',  ( 0.000000000000000000, -1.000000000000000000, 0.000000000000000000 ) ) ;
#1864 = ORIENTED_EDGE ( 'NONE', *, *, #571, .F. ) ;
#1865 = ORIENTED_EDGE ( 'NONE', *, *, #2258, .F. ) ;
#1866 = DIRECTION ( 'NONE',  ( 0.000000000000000000, 0.000000000000000000, 1.000000000000000000 ) ) ;
#1867 = DIRECTION ( 'NONE',  ( -0.9990891032743363098, -0.04267275147541529923, 0.000000000000000000 ) ) ;
#1868 = CARTESIAN_POINT ( 'NONE',  ( -45.70166499644329861, 39.24999994462240238, 50.00000000000000000 ) ) ;
#1869 = APPROVAL_STATUS ( 'not_yet_approved' ) ;
#1870 = VERTEX_POINT ( 'NONE', #1412 ) ;
#1871 = ORIENTED_EDGE ( 'NONE', *, *, #1718, .F. ) ;
#1872 = EDGE_CURVE ( 'NONE', #2585, #1746, #984, .T. ) ;
#1873 = DIRECTION ( 'NONE',  ( 0.000000000000000000, 0.000000000000000000, 1.000000000000000000 ) ) ;
#1874 = ORIENTED_EDGE ( 'NONE', *, *, #2366, .F. ) ;
#1875 = FACE_OUTER_BOUND ( 'NONE', #1647, .T. ) ;
#1876 = EDGE_CURVE ( 'NONE', #1500, #2232, #2565, .T. ) ;
#1877 = DIRECTION ( 'NONE',  ( 0.000000000000000000, 0.000000000000000000, -1.000000000000000000 ) ) ;
#1878 = ORIENTED_EDGE ( 'NONE', *, *, #2645, .F. ) ;
#1879 = ORIENTED_EDGE ( 'NONE', *, *, #1309, .F. ) ;
#1880 = EDGE_CURVE ( 'NONE', #1826, #2079, #579, .T. ) ;
#1881 = CARTESIAN_POINT ( 'NONE',  ( -23.90355584476680306, 25.30158539434519582, 118.0000000000000000 ) ) ;
#1882 = VERTEX_POINT ( 'NONE', #2352 ) ;
#1883 = AXIS2_PLACEMENT_3D ( 'NONE', #1953, #2813, #325 ) ;
#1884 = CARTESIAN_POINT ( 'NONE',  ( 25.99931749701319816, 39.28200350342310543, 50.00000000000000000 ) ) ;
#1885 = APPROVAL_ROLE ( '' ) ;
#1886 = ORIENTED_EDGE ( 'NONE', *, *, #160, .T. ) ;
#1887 = ORIENTED_EDGE ( 'NONE', *, *, #467, .T. ) ;
#1888 = AXIS2_PLACEMENT_3D ( 'NONE', #1297, #620, #594 ) ;
#1889 = DIRECTION ( 'NONE',  ( 0.04267275147541529229, 0.9990891032743361988, 0.000000000000000000 ) ) ;
#1890 = LINE ( 'NONE', #2344, #22 ) ;
#1891 = AXIS2_PLACEMENT_3D ( 'NONE', #295, #1161, #337 ) ;
#1892 = VECTOR ( 'NONE', #774, 1000.000000000000114 ) ;
#1893 = DIRECTION ( 'NONE',  ( 0.000000000000000000, 0.000000000000000000, -1.000000000000000000 ) ) ;
#1894 = DIRECTION ( 'NONE',  ( -0.000000000000000000, -1.000000000000000000, -0.000000000000000000 ) ) ;
#1895 = AXIS2_PLACEMENT_3D ( 'NONE', #2198, #2882, #402 ) ;
#1896 = ORIENTED_EDGE ( 'NONE', *, *, #1386, .F. ) ;
#1897 = ADVANCED_FACE ( 'NONE', ( #356 ), #2306, .F. ) ;
#1898 = EDGE_LOOP ( 'NONE', ( #2, #1517, #2770, #454 ) ) ;
#1899 = DIRECTION ( 'NONE',  ( 0.000000000000000000, 0.000000000000000000, -1.000000000000000000 ) ) ;
#1900 = ORIENTED_EDGE ( 'NONE', *, *, #2825, .T. ) ;
#1901 = EDGE_CURVE ( 'NONE', #1402, #2488, #1690, .T. ) ;
#1902 = LINE ( 'NONE', #1253, #1095 ) ;
#1903 = ORIENTED_EDGE ( 'NONE', *, *, #1859, .T. ) ;
#1904 = EDGE_CURVE ( 'NONE', #2287, #1252, #1374, .T. ) ;
#1905 = CARTESIAN_POINT ( 'NONE',  ( -25.03066174844670400, 10.00000026678289977, 118.0000000000000000 ) ) ;
#1906 = LINE ( 'NONE', #1858, #2169 ) ;
#1907 = FACE_OUTER_BOUND ( 'NONE', #1114, .T. ) ;
#1908 = FACE_OUTER_BOUND ( 'NONE', #431, .T. ) ;
#1909 = DIRECTION ( 'NONE',  ( 1.000000000000000000, 0.000000000000000000, 0.000000000000000000 ) ) ;
#1910 = LINE ( 'NONE', #2802, #2653 ) ;
#1911 = VERTEX_POINT ( 'NONE', #580 ) ;
#1912 = LINE ( 'NONE', #1047, #2307 ) ;
#1913 = CARTESIAN_POINT ( 'NONE',  ( 45.70166552180189967, 39.24999818333850499, 118.0000000000000000 ) ) ;
#1914 = EDGE_CURVE ( 'NONE', #292, #2149, #589, .T. ) ;
#1915 = ORIENTED_EDGE ( 'NONE', *, *, #2778, .T. ) ;
#1916 = CARTESIAN_POINT ( 'NONE',  ( -44.11694437244500477, 40.00000000170310699, 118.0000000000000000 ) ) ;
#1917 = EDGE_CURVE ( 'NONE', #1585, #119, #729, .T. ) ;
#1918 = DIRECTION ( 'NONE',  ( -0.000000000000000000, -1.000000000000000000, -0.000000000000000000 ) ) ;
#1919 = ORIENTED_EDGE ( 'NONE', *, *, #2379, .T. ) ;
#1920 = EDGE_CURVE ( 'NONE', #485, #2111, #2434, .T. ) ;
#1921 = CARTESIAN_POINT ( 'NONE',  ( 5.799317319115499636, 39.28200474592179603, 50.00000000000000000 ) ) ;
#1922 = EDGE_LOOP ( 'NONE', ( #482, #577, #219, #2217 ) ) ;
#1923 = CARTESIAN_POINT ( 'NONE',  ( 27.72910045423970260, 9.999998704199601463, 118.0000000000000000 ) ) ;
#1924 = CARTESIAN_POINT ( 'NONE',  ( -37.82909974844670131, 10.50000026678289977, 0.000000000000000000 ) ) ;
#1925 = ORIENTED_EDGE ( 'NONE', *, *, #2211, .T. ) ;
#1926 = EDGE_LOOP ( 'NONE', ( #764, #2419, #2140, #2405 ) ) ;
#1927 = CARTESIAN_POINT ( 'NONE',  ( 27.72910045423970260, 9.999998704199601463, 0.000000000000000000 ) ) ;
#1928 = DIRECTION ( 'NONE',  ( 0.000000000000000000, 0.000000000000000000, -1.000000000000000000 ) ) ;
#1929 = EDGE_LOOP ( 'NONE', ( #1631, #841, #2686 ) ) ;
#1930 = ORIENTED_EDGE ( 'NONE', *, *, #160, .F. ) ;
#1931 = CARTESIAN_POINT ( 'NONE',  ( 50.00000000355680640, 39.25000000170309988, 50.00000000000000000 ) ) ;
#1932 = PLANE ( 'NONE',  #1413 ) ;
#1933 = ORIENTED_EDGE ( 'NONE', *, *, #1833, .T. ) ;
#1934 = AXIS2_PLACEMENT_3D ( 'NONE', #2179, #804, #877 ) ;
#1935 = FACE_OUTER_BOUND ( 'NONE', #601, .T. ) ;
#1936 = EDGE_CURVE ( 'NONE', #2323, #2101, #1312, .T. ) ;
#1937 = CARTESIAN_POINT ( 'NONE',  ( 22.77090038667759941, 9.999999225060699715, 118.0000000000000000 ) ) ;
#1938 = ORIENTED_EDGE ( 'NONE', *, *, #2778, .F. ) ;
#1939 = VECTOR ( 'NONE', #1659, 1000.000000000000114 ) ;
#1940 = AXIS2_PLACEMENT_3D ( 'NONE', #2321, #2334, #1394 ) ;
#1941 = FACE_OUTER_BOUND ( 'NONE', #2538, .T. ) ;
#1942 = CARTESIAN_POINT ( 'NONE',  ( 50.00000000355680640, 39.25000000170309988, 0.000000000000000000 ) ) ;
#1943 = VECTOR ( 'NONE', #2343, 1000.000000000000000 ) ;
#1944 = AXIS2_PLACEMENT_3D ( 'NONE', #642, #1321, #250 ) ;
#1945 = ORIENTED_EDGE ( 'NONE', *, *, #882, .F. ) ;
#1946 = LINE ( 'NONE', #770, #2501 ) ;
#1947 = VECTOR ( 'NONE', #187, 1000.000000000000000 ) ;
#1948 = CIRCLE ( 'NONE', #2793, 0.4999997164158512253 ) ;
#1949 = DIRECTION ( 'NONE',  ( 0.000000000000000000, 0.000000000000000000, -1.000000000000000000 ) ) ;
#1950 = DIRECTION ( 'NONE',  ( 0.000000000000000000, 0.000000000000000000, 1.000000000000000000 ) ) ;
#1951 = ORIENTED_EDGE ( 'NONE', *, *, #882, .T. ) ;
#1952 = ORIENTED_EDGE ( 'NONE', *, *, #836, .T. ) ;
#1953 = CARTESIAN_POINT ( 'NONE',  ( 35.35000073756560823, 39.24999840851440069, 118.0000000000000000 ) ) ;
#1954 = CARTESIAN_POINT ( 'NONE',  ( -17.62909974844670202, 10.00000026678289977, 50.00000000000000000 ) ) ;
#1955 = ORIENTED_EDGE ( 'NONE', *, *, #2342, .T. ) ;
#1956 = ORIENTED_EDGE ( 'NONE', *, *, #1224, .F. ) ;
#1957 = DIRECTION ( 'NONE',  ( -0.9990891032743363098, -0.04267275147541529923, 0.000000000000000000 ) ) ;
#1958 = EDGE_CURVE ( 'NONE', #2149, #1319, #827, .T. ) ;
#1959 = DIRECTION ( 'NONE',  ( 0.000000000000000000, 0.000000000000000000, -1.000000000000000000 ) ) ;
#1960 = DIRECTION ( 'NONE',  ( -1.000000000000000000, 0.000000000000000000, 0.000000000000000000 ) ) ;
#1961 = DIRECTION ( 'NONE',  ( 0.000000000000000000, 0.000000000000000000, 1.000000000000000000 ) ) ;
#1962 = ADVANCED_FACE ( 'NONE', ( #2644 ), #1064, .F. ) ;
#1963 = ORIENTED_EDGE ( 'NONE', *, *, #1056, .F. ) ;
#1964 = CARTESIAN_POINT ( 'NONE',  ( 50.00000000355680640, 5.624999981429099627, 118.0000000000000000 ) ) ;
#1965 = LINE ( 'NONE', #1032, #2421 ) ;
#1966 = DIRECTION ( 'NONE',  ( 0.04267277775004078844, 0.9990891021521031146, 0.000000000000000000 ) ) ;
#1967 = ORIENTED_EDGE ( 'NONE', *, *, #1004, .T. ) ;
#1968 = ORIENTED_EDGE ( 'NONE', *, *, #2256, .F. ) ;
#1969 = DIRECTION ( 'NONE',  ( 0.9990891032743361988, -0.04267275147541720048, 0.000000000000000000 ) ) ;
#1970 = PLANE ( 'NONE',  #946 ) ;
#1971 = CARTESIAN_POINT ( 'NONE',  ( 20.24000000355669471, 8.500000000000000000, 64.95000000000001705 ) ) ;
#1972 = EDGE_CURVE ( 'NONE', #129, #386, #2270, .T. ) ;
#1973 = CARTESIAN_POINT ( 'NONE',  ( 49.25000000355900198, 39.24999818333869683, 0.000000000000000000 ) ) ;
#1974 = CARTESIAN_POINT ( 'NONE',  ( -49.24999999644330018, 1.703040208855810120E-09, 118.0000000000000000 ) ) ;
#1975 = ORIENTED_EDGE ( 'NONE', *, *, #2274, .F. ) ;
#1976 = ORIENTED_EDGE ( 'NONE', *, *, #2427, .F. ) ;
#1977 = EDGE_CURVE ( 'NONE', #1870, #102, #2632, .T. ) ;
#1978 = CARTESIAN_POINT ( 'NONE',  ( -12.67089974844670053, 10.50000026678289977, 118.0000000000000000 ) ) ;
#1979 = DIRECTION ( 'NONE',  ( 1.000000000000000000, 0.000000000000000000, 0.000000000000000000 ) ) ;
#1980 = ORIENTED_EDGE ( 'NONE', *, *, #2614, .F. ) ;
#1981 = EDGE_CURVE ( 'NONE', #1198, #1358, #2370, .T. ) ;
#1982 = CARTESIAN_POINT ( 'NONE',  ( 20.24000000355669471, 8.500000000000000000, 63.70000000000001705 ) ) ;
#1983 = CYLINDRICAL_SURFACE ( 'NONE', #38, 1.250000000000001110 ) ;
#1984 = CARTESIAN_POINT ( 'NONE',  ( -13.54999999644330622, 8.500000000000000000, 63.70000000000000995 ) ) ;
#1985 = VERTEX_POINT ( 'NONE', #1264 ) ;
#1986 = AXIS2_PLACEMENT_3D ( 'NONE', #7, #223, #828 ) ;
#1987 = ORIENTED_EDGE ( 'NONE', *, *, #1623, .T. ) ;
#1988 = VECTOR ( 'NONE', #795, 1000.000000000000114 ) ;
#1989 = CARTESIAN_POINT ( 'NONE',  ( 7.529100319115400453, 10.49999974592179974, 118.0000000000000000 ) ) ;
#1990 = CARTESIAN_POINT ( 'NONE',  ( -25.24999974844660144, 39.25000026678289800, 50.00000000000000000 ) ) ;
#1991 = VECTOR ( 'NONE', #1048, 1000.000000000000000 ) ;
#1992 = EDGE_CURVE ( 'NONE', #386, #2324, #1965, .T. ) ;
#1993 = ORIENTED_EDGE ( 'NONE', *, *, #2328, .F. ) ;
#1994 = CIRCLE ( 'NONE', #2550, 0.7500001910093340163 ) ;
#1995 = ORIENTED_EDGE ( 'NONE', *, *, #703, .F. ) ;
#1996 = DIRECTION ( 'NONE',  ( 0.000000000000000000, 0.000000000000000000, -1.000000000000000000 ) ) ;
#1997 = VECTOR ( 'NONE', #251, 1000.000000000000000 ) ;
#1998 = LINE ( 'NONE', #173, #2513 ) ;
#1999 = VECTOR ( 'NONE', #1655, 1000.000000000000114 ) ;
#2000 = VECTOR ( 'NONE', #1349, 1000.000000000000000 ) ;
#2001 = CYLINDRICAL_SURFACE ( 'NONE', #1290, 0.4999999999999796274 ) ;
#2002 = VECTOR ( 'NONE', #1006, 1000.000000000000000 ) ;
#2003 = ADVANCED_FACE ( 'NONE', ( #2675 ), #1076, .F. ) ;
#2004 = DIRECTION ( 'NONE',  ( 0.000000000000000000, 0.000000000000000000, -1.000000000000000000 ) ) ;
#2005 = DIRECTION ( 'NONE',  ( 1.000000000000000000, 0.000000000000000000, 0.000000000000000000 ) ) ;
#2006 = CARTESIAN_POINT ( 'NONE',  ( -37.32955519710680647, 10.47866388408450078, 0.000000000000000000 ) ) ;
#2007 = EDGE_CURVE ( 'NONE', #108, #2199, #2164, .T. ) ;
#2008 = ORIENTED_EDGE ( 'NONE', *, *, #477, .T. ) ;
#2009 = CARTESIAN_POINT ( 'NONE',  ( -37.32955519710680647, 10.47866388408450078, 118.0000000000000000 ) ) ;
#2010 = CARTESIAN_POINT ( 'NONE',  ( -38.24999999644330018, 8.500000000000000000, 34.95000000000000995 ) ) ;
#2011 = DIRECTION ( 'NONE',  ( 0.000000000000000000, 0.000000000000000000, 1.000000000000000000 ) ) ;
#2012 = ORIENTED_EDGE ( 'NONE', *, *, #262, .F. ) ;
#2013 = ADVANCED_FACE ( 'NONE', ( #880 ), #1249, .F. ) ;
#2014 = CARTESIAN_POINT ( 'NONE',  ( -36.09931674844660421, 39.28200526678289606, 50.00000000000000000 ) ) ;
#2015 = LINE ( 'NONE', #674, #1274 ) ;
#2016 = VERTEX_POINT ( 'NONE', #2423 ) ;
#2017 = EDGE_CURVE ( 'NONE', #1375, #1461, #1837, .T. ) ;
#2018 = PERSON_AND_ORGANIZATION_ROLE ( 'design_owner' ) ;
#2019 = EDGE_CURVE ( 'NONE', #2120, #64, #1998, .T. ) ;
#2020 = CARTESIAN_POINT ( 'NONE',  ( 49.25000000355679930, 0.7500000017030411525, 118.0000000000000000 ) ) ;
#2021 = DIRECTION ( 'NONE',  ( 0.000000000000000000, 0.000000000000000000, -1.000000000000000000 ) ) ;
#2022 = VERTEX_POINT ( 'NONE', #195 ) ;
#2023 = VERTEX_POINT ( 'NONE', #844 ) ;
#2024 = CARTESIAN_POINT ( 'NONE',  ( -34.60068274844670100, 39.28200526678289606, 0.000000000000000000 ) ) ;
#2025 = CARTESIAN_POINT ( 'NONE',  ( -42.53222374844670384, 10.00000026678289977, 118.0000000000000000 ) ) ;
#2026 = ORIENTED_EDGE ( 'NONE', *, *, #800, .T. ) ;
#2027 = ORIENTED_EDGE ( 'NONE', *, *, #1165, .T. ) ;
#2028 = DIRECTION ( 'NONE',  ( 0.000000000000000000, 0.000000000000000000, -1.000000000000000000 ) ) ;
#2029 = ORIENTED_EDGE ( 'NONE', *, *, #521, .F. ) ;
#2030 = CARTESIAN_POINT ( 'NONE',  ( 17.62910038667759949, 9.999999225060699715, 50.00000000000000000 ) ) ;
#2031 = EDGE_CURVE ( 'NONE', #112, #2378, #1302, .T. ) ;
#2032 = FACE_OUTER_BOUND ( 'NONE', #556, .T. ) ;
#2033 = CARTESIAN_POINT ( 'NONE',  ( 37.32955573756560597, 10.47866240851439912, 0.000000000000000000 ) ) ;
#2034 = CARTESIAN_POINT ( 'NONE',  ( 36.09931756457540075, 39.28200298256199829, 0.000000000000000000 ) ) ;
#2035 = ORIENTED_EDGE ( 'NONE', *, *, #512, .T. ) ;
#2036 = EDGE_CURVE ( 'NONE', #529, #1814, #1519, .T. ) ;
#2037 = AXIS2_PLACEMENT_3D ( 'NONE', #2816, #792, #1684 ) ;
#2038 = CARTESIAN_POINT ( 'NONE',  ( -4.300682638110999712, 39.28200454514540496, 118.0000000000000000 ) ) ;
#2039 = LINE ( 'NONE', #49, #1098 ) ;
#2040 = AXIS2_PLACEMENT_3D ( 'NONE', #2502, #2687, #265 ) ;
#2041 = VERTEX_POINT ( 'NONE', #1775 ) ;
#2042 = VERTEX_POINT ( 'NONE', #1760 ) ;
#2043 = AXIS2_PLACEMENT_3D ( 'NONE', #852, #167, #1483 ) ;
#2044 = LINE ( 'NONE', #1372, #870 ) ;
#2045 = VECTOR ( 'NONE', #1069, 1000.000000000000000 ) ;
#2046 = AXIS2_PLACEMENT_3D ( 'NONE', #2244, #1787, #268 ) ;
#2047 = ORGANIZATION ( 'UNSPECIFIED', 'UNSPECIFIED', '' ) ;
#2048 = ORIENTED_EDGE ( 'NONE', *, *, #1630, .F. ) ;
#2049 = VECTOR ( 'NONE', #146, 1000.000000000000000 ) ;
#2050 = LINE ( 'NONE', #663, #1608 ) ;
#2051 = EDGE_CURVE ( 'NONE', #2472, #2776, #374, .T. ) ;
#2052 = DIRECTION ( 'NONE',  ( 0.000000000000000000, 0.000000000000000000, -1.000000000000000000 ) ) ;
#2053 = CARTESIAN_POINT ( 'NONE',  ( -27.22955519710679795, 10.47866388408450078, 118.0000000000000000 ) ) ;
#2054 = ADVANCED_FACE ( 'NONE', ( #2277 ), #1328, .F. ) ;
#2055 = LINE ( 'NONE', #2728, #635 ) ;
#2056 = ORIENTED_EDGE ( 'NONE', *, *, #2427, .T. ) ;
#2057 = LINE ( 'NONE', #2067, #502 ) ;
#2058 = ORIENTED_EDGE ( 'NONE', *, *, #1156, .T. ) ;
#2059 = VERTEX_POINT ( 'NONE', #2264 ) ;
#2060 = DIRECTION ( 'NONE',  ( 0.000000000000000000, 0.000000000000000000, -1.000000000000000000 ) ) ;
#2061 = ADVANCED_FACE ( 'NONE', ( #1830 ), #2490, .T. ) ;
#2062 = CARTESIAN_POINT ( 'NONE',  ( 40.25000000355680640, 8.500000000000000000, 33.69999999999999574 ) ) ;
#2063 = CARTESIAN_POINT ( 'NONE',  ( -22.77089974844670195, 10.00000026678289977, 50.00000000000000000 ) ) ;
#2064 = EDGE_LOOP ( 'NONE', ( #2758, #1428, #2403, #2166 ) ) ;
#2065 = EDGE_CURVE ( 'NONE', #2041, #2821, #948, .T. ) ;
#2066 = PLANE ( 'NONE',  #806 ) ;
#2067 = CARTESIAN_POINT ( 'NONE',  ( 20.24000000355669471, 8.500000000000000000, 62.45000000000001705 ) ) ;
#2068 = ORIENTED_EDGE ( 'NONE', *, *, #412, .T. ) ;
#2069 = ORIENTED_EDGE ( 'NONE', *, *, #568, .T. ) ;
#2070 = FACE_OUTER_BOUND ( 'NONE', #1084, .T. ) ;
#2071 = VERTEX_POINT ( 'NONE', #484 ) ;
#2072 = CARTESIAN_POINT ( 'NONE',  ( -7.529099748446600238, 10.00000026678289977, 50.00000000000000000 ) ) ;
#2073 = LINE ( 'NONE', #1225, #181 ) ;
#2074 = DIRECTION ( 'NONE',  ( -1.000000000000000000, 0.000000000000000000, 0.000000000000000000 ) ) ;
#2075 = CIRCLE ( 'NONE', #122, 0.7500000000000006661 ) ;
#2076 = VERTEX_POINT ( 'NONE', #2474 ) ;
#2077 = DIRECTION ( 'NONE',  ( -1.000000000000000000, 0.000000000000000000, 0.000000000000000000 ) ) ;
#2078 = EDGE_CURVE ( 'NONE', #1667, #292, #2228, .T. ) ;
#2079 = VERTEX_POINT ( 'NONE', #900 ) ;
#2080 = VECTOR ( 'NONE', #264, 1000.000000000000000 ) ;
#2081 = CIRCLE ( 'NONE', #456, 1.250000000000001110 ) ;
#2082 = EDGE_LOOP ( 'NONE', ( #1652, #2171 ) ) ;
#2083 = AXIS2_PLACEMENT_3D ( 'NONE', #204, #1276, #1751 ) ;
#2084 = EDGE_CURVE ( 'NONE', #1198, #1521, #240, .T. ) ;
#2085 = ORIENTED_EDGE ( 'NONE', *, *, #2007, .F. ) ;
#2086 = ORIENTED_EDGE ( 'NONE', *, *, #258, .T. ) ;
#2087 = AXIS2_PLACEMENT_3D ( 'NONE', #1990, #1344, #1582 ) ;
#2088 = VECTOR ( 'NONE', #476, 1000.000000000000000 ) ;
#2089 = FACE_OUTER_BOUND ( 'NONE', #846, .T. ) ;
#2090 = ORIENTED_EDGE ( 'NONE', *, *, #1977, .F. ) ;
#2091 = DIRECTION ( 'NONE',  ( 0.000000000000000000, 0.000000000000000000, -1.000000000000000000 ) ) ;
#2092 = DIRECTION ( 'NONE',  ( 1.000000000000000000, 0.000000000000000000, 0.000000000000000000 ) ) ;
#2093 = FACE_OUTER_BOUND ( 'NONE', #1444, .T. ) ;
#2094 = VERTEX_POINT ( 'NONE', #501 ) ;
#2095 = ORIENTED_EDGE ( 'NONE', *, *, #1981, .F. ) ;
#2096 = CARTESIAN_POINT ( 'NONE',  ( -37.82909974844670131, 10.50000026678289977, 50.00000000000000000 ) ) ;
#2097 = ORIENTED_EDGE ( 'NONE', *, *, #862, .F. ) ;
#2098 = EDGE_CURVE ( 'NONE', #1533, #2354, #1785, .T. ) ;
#2099 = LINE ( 'NONE', #799, #1654 ) ;
#2100 = ORIENTED_EDGE ( 'NONE', *, *, #2526, .F. ) ;
#2101 = VERTEX_POINT ( 'NONE', #708 ) ;
#2102 = EDGE_CURVE ( 'NONE', #2341, #1850, #2718, .T. ) ;
#2103 = DIRECTION ( 'NONE',  ( -0.000000000000000000, -1.000000000000000000, -0.000000000000000000 ) ) ;
#2104 = FACE_OUTER_BOUND ( 'NONE', #1616, .T. ) ;
#2105 = DIRECTION ( 'NONE',  ( 0.000000000000000000, 0.000000000000000000, -1.000000000000000000 ) ) ;
#2106 = EDGE_LOOP ( 'NONE', ( #1414, #1504, #2841, #1050 ) ) ;
#2107 = LINE ( 'NONE', #2820, #2613 ) ;
#2108 = VERTEX_POINT ( 'NONE', #1385 ) ;
#2109 = VERTEX_POINT ( 'NONE', #288 ) ;
#2110 = DIRECTION ( 'NONE',  ( 0.000000000000000000, 0.000000000000000000, -1.000000000000000000 ) ) ;
#2111 = VERTEX_POINT ( 'NONE', #2739 ) ;
#2112 = FACE_OUTER_BOUND ( 'NONE', #2620, .T. ) ;
#2113 = CARTESIAN_POINT ( 'NONE',  ( 27.72910045423970260, 9.999998704199601463, 0.000000000000000000 ) ) ;
#2114 = EDGE_CURVE ( 'NONE', #2845, #102, #2039, .T. ) ;
#2115 = CYLINDRICAL_SURFACE ( 'NONE', #2788, 0.4999997164158772600 ) ;
#2116 = DIRECTION ( 'NONE',  ( -0.04267275147541520902, 0.9990891032743361988, 0.000000000000000000 ) ) ;
#2117 = VERTEX_POINT ( 'NONE', #1356 ) ;
#2118 = CARTESIAN_POINT ( 'NONE',  ( -22.55156171466559911, 9.999999745921799743, 118.0000000000000000 ) ) ;
#2119 = VECTOR ( 'NONE', #2639, 1000.000000000000000 ) ;
#2120 = VERTEX_POINT ( 'NONE', #2025 ) ;
#2121 = ORIENTED_EDGE ( 'NONE', *, *, #2763, .F. ) ;
#2122 = CARTESIAN_POINT ( 'NONE',  ( -37.82909974844670131, 10.50000026678289977, 118.0000000000000000 ) ) ;
#2123 = AXIS2_PLACEMENT_3D ( 'NONE', #2867, #647, #1489 ) ;
#2124 = AXIS2_PLACEMENT_3D ( 'NONE', #465, #239, #889 ) ;
#2125 = ORIENTED_EDGE ( 'NONE', *, *, #1901, .F. ) ;
#2126 = VECTOR ( 'NONE', #2335, 1000.000000000000000 ) ;
#2127 = DIRECTION ( 'NONE',  ( 0.000000000000000000, 0.000000000000000000, 1.000000000000000000 ) ) ;
#2128 = DIRECTION ( 'NONE',  ( 0.000000000000000000, 0.000000000000000000, -1.000000000000000000 ) ) ;
#2129 = DIRECTION ( 'NONE',  ( 1.049727191138616847E-16, -0.5150380749100565980, 0.8571673007021108903 ) ) ;
#2130 = AXIS2_PLACEMENT_3D ( 'NONE', #2297, #756, #1889 ) ;
#2131 = AXIS2_PLACEMENT_3D ( 'NONE', #615, #1969, #1303 ) ;
#2132 = ORIENTED_EDGE ( 'NONE', *, *, #591, .F. ) ;
#2133 = EDGE_CURVE ( 'NONE', #1267, #1674, #2751, .T. ) ;
#2134 = CARTESIAN_POINT ( 'NONE',  ( -42.53222374844670384, 10.49999996115520062, 118.0000000000000000 ) ) ;
#2135 = CARTESIAN_POINT ( 'NONE',  ( 40.25000000355681351, -1.530808498934181463E-16, 108.6999999999999886 ) ) ;
#2136 = VECTOR ( 'NONE', #1370, 1000.000000000000000 ) ;
#2137 = ORIENTED_EDGE ( 'NONE', *, *, #515, .F. ) ;
#2138 = EDGE_CURVE ( 'NONE', #2094, #444, #2252, .T. ) ;
#2139 = DIRECTION ( 'NONE',  ( 0.000000000000000000, 0.000000000000000000, -1.000000000000000000 ) ) ;
#2140 = ORIENTED_EDGE ( 'NONE', *, *, #184, .T. ) ;
#2141 = LINE ( 'NONE', #2339, #1472 ) ;
#2142 = VERTEX_POINT ( 'NONE', #1128 ) ;
#2143 = CARTESIAN_POINT ( 'NONE',  ( 40.25000000355680640, -1.530808498934181463E-16, 32.44999999999999574 ) ) ;
#2144 = LINE ( 'NONE', #993, #2542 ) ;
#2145 = CARTESIAN_POINT ( 'NONE',  ( -4.300682638110999712, 39.28200454514540496, 0.000000000000000000 ) ) ;
#2146 = LINE ( 'NONE', #154, #2180 ) ;
#2147 = CARTESIAN_POINT ( 'NONE',  ( -27.72909974844669989, 10.00000026678289977, 118.0000000000000000 ) ) ;
#2148 = APPROVAL ( #1567, 'UNSPECIFIED' ) ;
#2149 = VERTEX_POINT ( 'NONE', #668 ) ;
#2150 = DIRECTION ( 'NONE',  ( 0.000000000000000000, 0.000000000000000000, 1.000000000000000000 ) ) ;
#2151 = CARTESIAN_POINT ( 'NONE',  ( -12.45156168088450066, 9.999999225060699715, 118.0000000000000000 ) ) ;
#2152 = DIRECTION ( 'NONE',  ( 0.04267275147541529229, -0.9990891032743361988, 0.000000000000000000 ) ) ;
#2153 = EDGE_CURVE ( 'NONE', #371, #404, #938, .T. ) ;
#2154 = ORIENTED_EDGE ( 'NONE', *, *, #1186, .T. ) ;
#2155 = ORIENTED_EDGE ( 'NONE', *, *, #773, .T. ) ;
#2156 = DIRECTION ( 'NONE',  ( 0.000000000000000000, 0.000000000000000000, -1.000000000000000000 ) ) ;
#2157 = ORIENTED_EDGE ( 'NONE', *, *, #1920, .T. ) ;
#2158 = CARTESIAN_POINT ( 'NONE',  ( -26.62791395500519798, 24.56477711281329945, 118.0000000000000000 ) ) ;
#2159 = EDGE_LOOP ( 'NONE', ( #104, #2557, #509 ) ) ;
#2160 = DIRECTION ( 'NONE',  ( 0.000000000000000000, 0.000000000000000000, -1.000000000000000000 ) ) ;
#2161 = DIRECTION ( 'NONE',  ( -1.000000000000000000, 0.000000000000000000, 0.000000000000000000 ) ) ;
#2162 = ORIENTED_EDGE ( 'NONE', *, *, #1904, .T. ) ;
#2163 = DIRECTION ( 'NONE',  ( 0.000000000000000000, 0.000000000000000000, 1.000000000000000000 ) ) ;
#2164 = LINE ( 'NONE', #2212, #1331 ) ;
#2165 = ORIENTED_EDGE ( 'NONE', *, *, #842, .T. ) ;
#2166 = ORIENTED_EDGE ( 'NONE', *, *, #736, .T. ) ;
#2167 = EDGE_CURVE ( 'NONE', #1358, #1521, #130, .T. ) ;
#2168 = CARTESIAN_POINT ( 'NONE',  ( -49.24999999644330018, 39.25000000170309988, 0.000000000000000000 ) ) ;
#2169 = VECTOR ( 'NONE', #2815, 1000.000000000000000 ) ;
#2170 = FACE_BOUND ( 'NONE', #1632, .T. ) ;
#2171 = ORIENTED_EDGE ( 'NONE', *, *, #2905, .F. ) ;
#2172 = VECTOR ( 'NONE', #886, 1000.000000000000000 ) ;
#2173 = ADVANCED_FACE ( 'NONE', ( #1812 ), #1599, .T. ) ;
#2174 = CARTESIAN_POINT ( 'NONE',  ( 40.25000000355680640, 8.500000000000000000, 32.44999999999999574 ) ) ;
#2175 = AXIS2_PLACEMENT_3D ( 'NONE', #221, #1327, #2901 ) ;
#2176 = CIRCLE ( 'NONE', #2175, 0.4999999999999805156 ) ;
#2177 = CARTESIAN_POINT ( 'NONE',  ( 43.80402563215749723, 22.06037781872100112, 118.0000000000000000 ) ) ;
#2178 = LINE ( 'NONE', #823, #1281 ) ;
#2179 = CARTESIAN_POINT ( 'NONE',  ( -13.54999999644330622, 0.000000000000000000, 63.70000000000000995 ) ) ;
#2180 = VECTOR ( 'NONE', #2846, 1000.000000000000000 ) ;
#2181 = ORIENTED_EDGE ( 'NONE', *, *, #1347, .F. ) ;
#2182 = CIRCLE ( 'NONE', #2658, 1.250000000000001110 ) ;
#2183 = DIRECTION ( 'NONE',  ( 0.000000000000000000, 0.000000000000000000, 1.000000000000000000 ) ) ;
#2184 = DIRECTION ( 'NONE',  ( -1.000000000000000000, 0.000000000000000000, 0.000000000000000000 ) ) ;
#2185 = ORIENTED_EDGE ( 'NONE', *, *, #1525, .T. ) ;
#2186 = DIRECTION ( 'NONE',  ( 0.000000000000000000, 0.000000000000000000, -1.000000000000000000 ) ) ;
#2187 = LINE ( 'NONE', #2678, #2898 ) ;
#2188 = EDGE_CURVE ( 'NONE', #816, #2142, #57, .T. ) ;
#2189 = CARTESIAN_POINT ( 'NONE',  ( -27.72909974844669989, 10.00000026678289977, 50.00000000000000000 ) ) ;
#2190 = DIRECTION ( 'NONE',  ( 0.000000000000000000, 0.000000000000000000, -1.000000000000000000 ) ) ;
#2191 = EDGE_CURVE ( 'NONE', #1486, #420, #2055, .T. ) ;
#2192 = EDGE_LOOP ( 'NONE', ( #291, #2666 ) ) ;
#2193 = PLANE ( 'NONE',  #2789 ) ;
#2194 = CARTESIAN_POINT ( 'NONE',  ( 49.25000052180190124, 39.99999818333850499, 118.0000000000000000 ) ) ;
#2195 = ORIENTED_EDGE ( 'NONE', *, *, #1661, .T. ) ;
#2196 = ORIENTED_EDGE ( 'NONE', *, *, #1247, .F. ) ;
#2197 = LINE ( 'NONE', #1535, #1988 ) ;
#2198 = CARTESIAN_POINT ( 'NONE',  ( -33.24999999644330018, 0.000000000000000000, 108.7000000000000028 ) ) ;
#2199 = VERTEX_POINT ( 'NONE', #2290 ) ;
#2200 = DIRECTION ( 'NONE',  ( 0.04267277775004280072, 0.9990891021521031146, 0.000000000000000000 ) ) ;
#2201 = DIRECTION ( 'NONE',  ( 0.000000000000000000, 0.000000000000000000, -1.000000000000000000 ) ) ;
#2202 = DIRECTION ( 'NONE',  ( 0.000000000000000000, 0.000000000000000000, -1.000000000000000000 ) ) ;
#2203 = ORIENTED_EDGE ( 'NONE', *, *, #628, .T. ) ;
#2204 = DIRECTION ( 'NONE',  ( -0.000000000000000000, -1.000000000000000000, -0.000000000000000000 ) ) ;
#2205 = ORIENTED_EDGE ( 'NONE', *, *, #177, .T. ) ;
#2206 = CARTESIAN_POINT ( 'NONE',  ( -15.14999974844659825, 39.25000026678289800, 118.0000000000000000 ) ) ;
#2207 = EDGE_CURVE ( 'NONE', #1284, #19, #2834, .T. ) ;
#2208 = DIRECTION ( 'NONE',  ( 0.000000000000000000, 0.000000000000000000, -1.000000000000000000 ) ) ;
#2209 = EDGE_LOOP ( 'NONE', ( #613, #2085, #1291, #2157 ) ) ;
#2210 = LINE ( 'NONE', #2662, #1046 ) ;
#2211 = EDGE_CURVE ( 'NONE', #2023, #2800, #1561, .T. ) ;
#2212 = CARTESIAN_POINT ( 'NONE',  ( 12.67090031911540038, 9.999999745921799743, 50.00000000000000000 ) ) ;
#2213 = FACE_OUTER_BOUND ( 'NONE', #1194, .T. ) ;
#2214 = ORIENTED_EDGE ( 'NONE', *, *, #1972, .T. ) ;
#2215 = ORIENTED_EDGE ( 'NONE', *, *, #2440, .F. ) ;
#2216 = CYLINDRICAL_SURFACE ( 'NONE', #531, 1.250000000000001110 ) ;
#2217 = ORIENTED_EDGE ( 'NONE', *, *, #2007, .T. ) ;
#2218 = AXIS2_PLACEMENT_3D ( 'NONE', #2369, #2150, #157 ) ;
#2219 = CARTESIAN_POINT ( 'NONE',  ( 45.70166552180189967, 39.24999818333850499, 0.000000000000000000 ) ) ;
#2220 = CARTESIAN_POINT ( 'NONE',  ( 37.82910052180189808, 9.999998183338499658, 50.00000000000000000 ) ) ;
#2221 = AXIS2_PLACEMENT_3D ( 'NONE', #2443, #1547, #474 ) ;
#2222 = EDGE_LOOP ( 'NONE', ( #939, #1938, #1592, #2305 ) ) ;
#2223 = CIRCLE ( 'NONE', #494, 0.7500000000000006661 ) ;
#2224 = VERTEX_POINT ( 'NONE', #1862 ) ;
#2225 = ADVANCED_FACE ( 'NONE', ( #339 ), #1628, .F. ) ;
#2226 = CARTESIAN_POINT ( 'NONE',  ( 26.55046493358500115, 26.37808971613989684, 118.0000000000000000 ) ) ;
#2227 = VECTOR ( 'NONE', #1532, 1000.000000000000000 ) ;
#2228 = LINE ( 'NONE', #2063, #2661 ) ;
#2229 = VECTOR ( 'NONE', #2110, 1000.000000000000000 ) ;
#2230 = CIRCLE ( 'NONE', #1176, 0.5000002159604027829 ) ;
#2231 = ADVANCED_FACE ( 'NONE', ( #2768 ), #1016, .F. ) ;
#2232 = VERTEX_POINT ( 'NONE', #71 ) ;
#2233 = CARTESIAN_POINT ( 'NONE',  ( -25.99931674844670226, 39.28200526678289606, 0.000000000000000000 ) ) ;
#2234 = VECTOR ( 'NONE', #860, 1000.000000000000000 ) ;
#2235 = EDGE_CURVE ( 'NONE', #2101, #1725, #534, .T. ) ;
#2236 = CARTESIAN_POINT ( 'NONE',  ( -27.72909974844669989, 10.00000026678289977, 50.00000000000000000 ) ) ;
#2237 = FACE_OUTER_BOUND ( 'NONE', #92, .T. ) ;
#2238 = ORIENTED_EDGE ( 'NONE', *, *, #2464, .F. ) ;
#2239 = LINE ( 'NONE', #1116, #229 ) ;
#2240 = CARTESIAN_POINT ( 'NONE',  ( -38.24999999644330018, 8.500000000000000000, 33.70000000000000995 ) ) ;
#2241 = DIRECTION ( 'NONE',  ( 0.000000000000000000, 0.000000000000000000, -1.000000000000000000 ) ) ;
#2242 = CC_DESIGN_PERSON_AND_ORGANIZATION_ASSIGNMENT ( #1096, #2018, ( #740 ) ) ;
#2243 = ORIENTED_EDGE ( 'NONE', *, *, #2188, .T. ) ;
#2244 = CARTESIAN_POINT ( 'NONE',  ( 49.25000000355900198, 39.24999818333869683, 118.0000000000000000 ) ) ;
#2245 = EDGE_CURVE ( 'NONE', #2477, #2445, #1396, .T. ) ;
#2246 = ADVANCED_FACE ( 'NONE', ( #299 ), #1163, .F. ) ;
#2247 = PERSON_AND_ORGANIZATION ( #2312, #2047 ) ;
#2248 = CARTESIAN_POINT ( 'NONE',  ( 40.25000000355681351, 8.500000000000000000, 107.4499999999999886 ) ) ;
#2249 = LINE ( 'NONE', #2034, #2609 ) ;
#2250 = ORIENTED_EDGE ( 'NONE', *, *, #1110, .F. ) ;
#2251 = CARTESIAN_POINT ( 'NONE',  ( 40.25000000355680640, 9.251075773784451783, 33.69999999999999574 ) ) ;
#2252 = LINE ( 'NONE', #1146, #1475 ) ;
#2253 = ORIENTED_EDGE ( 'NONE', *, *, #2302, .F. ) ;
#2254 = ORIENTED_EDGE ( 'NONE', *, *, #2731, .F. ) ;
#2255 = DIRECTION ( 'NONE',  ( 0.000000000000000000, 0.000000000000000000, -1.000000000000000000 ) ) ;
#2256 = EDGE_CURVE ( 'NONE', #1667, #2384, #1910, .T. ) ;
#2257 = CARTESIAN_POINT ( 'NONE',  ( -49.24999999644330018, 40.00000000170310699, 118.0000000000000000 ) ) ;
#2258 = EDGE_CURVE ( 'NONE', #306, #2495, #143, .T. ) ;
#2259 = CARTESIAN_POINT ( 'NONE',  ( 45.70166552180189967, 39.99999818333850499, 0.000000000000000000 ) ) ;
#2260 = DIRECTION ( 'NONE',  ( 0.000000000000000000, 0.000000000000000000, -1.000000000000000000 ) ) ;
#2261 = AXIS2_PLACEMENT_3D ( 'NONE', #1645, #1867, #2152 ) ;
#2262 = VERTEX_POINT ( 'NONE', #956 ) ;
#2263 = CARTESIAN_POINT ( 'NONE',  ( 12.67090031911540038, 10.49999946233769954, 0.000000000000000000 ) ) ;
#2264 = CARTESIAN_POINT ( 'NONE',  ( 15.89931742945109860, 39.28200402428429783, 118.0000000000000000 ) ) ;
#2265 = AXIS2_PLACEMENT_3D ( 'NONE', #2375, #1687, #2875 ) ;
#2266 = VERTEX_POINT ( 'NONE', #969 ) ;
#2267 = AXIS2_PLACEMENT_3D ( 'NONE', #1615, #1894, #523 ) ;
#2268 = VECTOR ( 'NONE', #1112, 1000.000000000000000 ) ;
#2269 = CARTESIAN_POINT ( 'NONE',  ( 49.25000000355679930, 1.703054364199369748E-09, 0.000000000000000000 ) ) ;
#2270 = CIRCLE ( 'NONE', #873, 0.4999999999999796274 ) ;
#2271 = CALENDAR_DATE ( 2023, 9, 2 ) ;
#2272 = EDGE_CURVE ( 'NONE', #31, #1626, #2757, .T. ) ;
#2273 = CARTESIAN_POINT ( 'NONE',  ( -36.09931674844660421, 39.28200526678289606, 0.000000000000000000 ) ) ;
#2274 = EDGE_CURVE ( 'NONE', #529, #2275, #2544, .T. ) ;
#2275 = VERTEX_POINT ( 'NONE', #760 ) ;
#2276 = PLANE ( 'NONE',  #1605 ) ;
#2277 = FACE_OUTER_BOUND ( 'NONE', #1926, .T. ) ;
#2278 = EDGE_CURVE ( 'NONE', #590, #622, #2350, .T. ) ;
#2279 = ORIENTED_EDGE ( 'NONE', *, *, #1441, .T. ) ;
#2280 = ORIENTED_EDGE ( 'NONE', *, *, #62, .F. ) ;
#2281 = ORIENTED_EDGE ( 'NONE', *, *, #2031, .F. ) ;
#2282 = FACE_OUTER_BOUND ( 'NONE', #2529, .T. ) ;
#2283 = LINE ( 'NONE', #2014, #137 ) ;
#2284 = ORIENTED_EDGE ( 'NONE', *, *, #765, .F. ) ;
#2285 = ORIENTED_EDGE ( 'NONE', *, *, #1557, .F. ) ;
#2286 = CARTESIAN_POINT ( 'NONE',  ( 50.00000000355680640, 0.7500000017030411525, 118.0000000000000000 ) ) ;
#2287 = VERTEX_POINT ( 'NONE', #2563 ) ;
#2288 = EDGE_CURVE ( 'NONE', #2109, #2262, #351, .T. ) ;
#2289 = DIRECTION ( 'NONE',  ( 0.04267277775003889412, 0.9990891021521032256, 0.000000000000000000 ) ) ;
#2290 = CARTESIAN_POINT ( 'NONE',  ( 12.67090031911540038, 9.999999745921799743, 0.000000000000000000 ) ) ;
#2291 = ORIENTED_EDGE ( 'NONE', *, *, #1059, .F. ) ;
#2292 = EDGE_CURVE ( 'NONE', #2076, #2869, #1437, .T. ) ;
#2293 = DIRECTION ( 'NONE',  ( -0.000000000000000000, -1.000000000000000000, -0.000000000000000000 ) ) ;
#2294 = ORIENTED_EDGE ( 'NONE', *, *, #1972, .F. ) ;
#2295 = EDGE_LOOP ( 'NONE', ( #1250, #436, #1650, #1925 ) ) ;
#2296 = ORIENTED_EDGE ( 'NONE', *, *, #2683, .T. ) ;
#2297 = CARTESIAN_POINT ( 'NONE',  ( 4.300683319115400138, 39.28200474592179603, 50.00000000000000000 ) ) ;
#2298 = CARTESIAN_POINT ( 'NONE',  ( -49.24999999644330018, 0.7500000017030411525, 50.00000000000000000 ) ) ;
#2299 = DIRECTION ( 'NONE',  ( -0.000000000000000000, -1.000000000000000000, -0.000000000000000000 ) ) ;
#2300 = DIRECTION ( 'NONE',  ( -1.000000000000000000, 0.000000000000000000, 0.000000000000000000 ) ) ;
#2301 = DIRECTION ( 'NONE',  ( 0.000000000000000000, 0.000000000000000000, 1.000000000000000000 ) ) ;
#2302 = EDGE_CURVE ( 'NONE', #1338, #1985, #2073, .T. ) ;
#2303 = VERTEX_POINT ( 'NONE', #2534 ) ;
#2304 = AXIS2_PLACEMENT_3D ( 'NONE', #1597, #1159, #1843 ) ;
#2305 = ORIENTED_EDGE ( 'NONE', *, *, #1630, .T. ) ;
#2306 = CYLINDRICAL_SURFACE ( 'NONE', #1464, 0.5000000000000073275 ) ;
#2307 = VECTOR ( 'NONE', #2851, 1000.000000000000000 ) ;
#2308 = EDGE_CURVE ( 'NONE', #1533, #1870, #906, .T. ) ;
#2309 = ORIENTED_EDGE ( 'NONE', *, *, #2245, .T. ) ;
#2310 = VECTOR ( 'NONE', #2208, 1000.000000000000000 ) ;
#2311 = VECTOR ( 'NONE', #338, 1000.000000000000000 ) ;
#2312 = PERSON ( 'UNSPECIFIED', 'UNSPECIFIED', 'UNSPECIFIED', ('UNSPECIFIED'), ('UNSPECIFIED'), ('UNSPECIFIED') ) ;
#2313 = DIRECTION ( 'NONE',  ( 0.000000000000000000, 0.000000000000000000, 1.000000000000000000 ) ) ;
#2314 = CONICAL_SURFACE ( 'NONE', #818, 1.250000000000001110, 1.029744258676652313 ) ;
#2315 = AXIS2_PLACEMENT_3D ( 'NONE', #2392, #1513, #573 ) ;
#2316 = VERTEX_POINT ( 'NONE', #91 ) ;
#2317 = VECTOR ( 'NONE', #2004, 1000.000000000000000 ) ;
#2318 = CIRCLE ( 'NONE', #588, 0.5000000000000073275 ) ;
#2319 = DIRECTION ( 'NONE',  ( 0.000000000000000000, 0.000000000000000000, -1.000000000000000000 ) ) ;
#2320 = DIRECTION ( 'NONE',  ( -1.000000000000000000, 0.000000000000000000, 0.000000000000000000 ) ) ;
#2321 = CARTESIAN_POINT ( 'NONE',  ( -2.570899680884500160, 10.49999996188219953, 0.000000000000000000 ) ) ;
#2322 = DIRECTION ( 'NONE',  ( -0.000000000000000000, -1.000000000000000000, -0.000000000000000000 ) ) ;
#2323 = VERTEX_POINT ( 'NONE', #1974 ) ;
#2324 = VERTEX_POINT ( 'NONE', #2147 ) ;
#2325 = EDGE_CURVE ( 'NONE', #2378, #2109, #643, .T. ) ;
#2326 = CARTESIAN_POINT ( 'NONE',  ( 20.24000000355669471, 8.500000000000000000, 63.70000000000001705 ) ) ;
#2327 = ORIENTED_EDGE ( 'NONE', *, *, #2084, .T. ) ;
#2328 = EDGE_CURVE ( 'NONE', #108, #485, #1132, .T. ) ;
#2329 = CARTESIAN_POINT ( 'NONE',  ( 40.25000000355680640, 8.500000000000000000, 34.94999999999999574 ) ) ;
#2330 = DIRECTION ( 'NONE',  ( -1.000000000000000000, 0.000000000000000000, 0.000000000000000000 ) ) ;
#2331 = DATE_TIME_ROLE ( 'classification_date' ) ;
#2332 = EDGE_CURVE ( 'NONE', #2022, #2821, #574, .T. ) ;
#2333 = CARTESIAN_POINT ( 'NONE',  ( 3.070444870455299569, 10.47866336322340075, 0.000000000000000000 ) ) ;
#2334 = DIRECTION ( 'NONE',  ( 0.000000000000000000, 0.000000000000000000, -1.000000000000000000 ) ) ;
#2335 = DIRECTION ( 'NONE',  ( 0.000000000000000000, 0.000000000000000000, -1.000000000000000000 ) ) ;
#2336 = ORIENTED_EDGE ( 'NONE', *, *, #2366, .T. ) ;
#2337 = DIRECTION ( 'NONE',  ( 0.000000000000000000, 0.000000000000000000, -1.000000000000000000 ) ) ;
#2338 = DIRECTION ( 'NONE',  ( 1.000000000000000000, 0.000000000000000000, 0.000000000000000000 ) ) ;
#2339 = CARTESIAN_POINT ( 'NONE',  ( 7.529100319115400453, 9.999999745921799743, 50.00000000000000000 ) ) ;
#2340 = ORIENTED_EDGE ( 'NONE', *, *, #1075, .F. ) ;
#2341 = VERTEX_POINT ( 'NONE', #2194 ) ;
#2342 = EDGE_CURVE ( 'NONE', #2354, #504, #2367, .T. ) ;
#2343 = DIRECTION ( 'NONE',  ( 1.000000000000000000, 0.000000000000000000, 0.000000000000000000 ) ) ;
#2344 = CARTESIAN_POINT ( 'NONE',  ( 44.95332665355380186, 39.29988744339569706, 50.00000000000000000 ) ) ;
#2345 = CARTESIAN_POINT ( 'NONE',  ( -44.95332605339750387, 39.29988894082550388, 118.0000000000000000 ) ) ;
#2346 = EDGE_CURVE ( 'NONE', #2445, #1402, #1092, .T. ) ;
#2347 = FACE_OUTER_BOUND ( 'NONE', #145, .T. ) ;
#2348 = ORIENTED_EDGE ( 'NONE', *, *, #1839, .T. ) ;
#2349 = CARTESIAN_POINT ( 'NONE',  ( -5.049999465120800224, 39.24999997109769367, 50.00000000000000000 ) ) ;
#2350 = LINE ( 'NONE', #1424, #2893 ) ;
#2351 = ORIENTED_EDGE ( 'NONE', *, *, #800, .F. ) ;
#2352 = CARTESIAN_POINT ( 'NONE',  ( -2.570899680884500160, 9.999999745921799743, 118.0000000000000000 ) ) ;
#2353 = VECTOR ( 'NONE', #778, 1000.000000000000000 ) ;
#2354 = VERTEX_POINT ( 'NONE', #1082 ) ;
#2355 = VECTOR ( 'NONE', #1248, 1000.000000000000114 ) ;
#2356 = DIRECTION ( 'NONE',  ( 1.000000000000000000, 0.000000000000000000, 0.000000000000000000 ) ) ;
#2357 = AXIS2_PLACEMENT_3D ( 'NONE', #688, #2704, #1117 ) ;
#2358 = CIRCLE ( 'NONE', #26, 0.4999997164158477281 ) ;
#2359 = VECTOR ( 'NONE', #1343, 1000.000000000000000 ) ;
#2360 = ORIENTED_EDGE ( 'NONE', *, *, #2207, .T. ) ;
#2361 = EDGE_CURVE ( 'NONE', #404, #1836, #2742, .T. ) ;
#2362 = DIRECTION ( 'NONE',  ( -0.000000000000000000, -1.000000000000000000, -0.000000000000000000 ) ) ;
#2363 = CIRCLE ( 'NONE', #461, 0.5000002159604300944 ) ;
#2364 = VECTOR ( 'NONE', #407, 1000.000000000000000 ) ;
#2365 = CARTESIAN_POINT ( 'NONE',  ( -22.77089974844670195, 10.50000026678289977, 118.0000000000000000 ) ) ;
#2366 = EDGE_CURVE ( 'NONE', #1882, #2266, #383, .T. ) ;
#2367 = LINE ( 'NONE', #1307, #1376 ) ;
#2368 = ORIENTED_EDGE ( 'NONE', *, *, #1723, .F. ) ;
#2369 = CARTESIAN_POINT ( 'NONE',  ( -35.34999974844669879, 39.25000026678289800, 118.0000000000000000 ) ) ;
#2370 = LINE ( 'NONE', #1088, #1236 ) ;
#2371 = EDGE_LOOP ( 'NONE', ( #2487, #1956, #1797, #496 ) ) ;
#2372 = EDGE_LOOP ( 'NONE', ( #1852, #439, #1144, #1277 ) ) ;
#2373 = LINE ( 'NONE', #2773, #458 ) ;
#2374 = CARTESIAN_POINT ( 'NONE',  ( -38.24999999644330018, 0.000000000000000000, 33.70000000000000995 ) ) ;
#2375 = CARTESIAN_POINT ( 'NONE',  ( 15.15000060244130076, 39.24999945023660075, 50.00000000000000000 ) ) ;
#2376 = CARTESIAN_POINT ( 'NONE',  ( 12.67090031911540038, 10.49999946233769954, 118.0000000000000000 ) ) ;
#2377 = FACE_OUTER_BOUND ( 'NONE', #2732, .T. ) ;
#2378 = VERTEX_POINT ( 'NONE', #1044 ) ;
#2379 = EDGE_CURVE ( 'NONE', #111, #2016, #1467, .T. ) ;
#2380 = VERTEX_POINT ( 'NONE', #1942 ) ;
#2381 = CARTESIAN_POINT ( 'NONE',  ( 5.050000319115500069, 39.24999974592180507, 118.0000000000000000 ) ) ;
#2382 = DIRECTION ( 'NONE',  ( -0.04267275147541330083, 0.9990891032743364208, 0.000000000000000000 ) ) ;
#2383 = CARTESIAN_POINT ( 'NONE',  ( -36.09931674844660421, 39.28200526678289606, 50.00000000000000000 ) ) ;
#2384 = VERTEX_POINT ( 'NONE', #2848 ) ;
#2385 = ORIENTED_EDGE ( 'NONE', *, *, #1296, .T. ) ;
#2386 = CARTESIAN_POINT ( 'NONE',  ( 40.25000000355681351, 9.251075773784451783, 108.6999999999999886 ) ) ;
#2387 = CARTESIAN_POINT ( 'NONE',  ( -33.37044429978649873, 10.47866388408450078, 118.0000000000000000 ) ) ;
#2388 = EDGE_CURVE ( 'NONE', #420, #94, #2178, .T. ) ;
#2389 = ORIENTED_EDGE ( 'NONE', *, *, #1936, .F. ) ;
#2390 = FACE_OUTER_BOUND ( 'NONE', #726, .T. ) ;
#2391 = DIRECTION ( 'NONE',  ( -1.000000000000000000, 0.000000000000000000, 0.000000000000000000 ) ) ;
#2392 = CARTESIAN_POINT ( 'NONE',  ( -42.53222374844670384, 10.49999996115520062, 118.0000000000000000 ) ) ;
#2393 = CARTESIAN_POINT ( 'NONE',  ( 40.25000000355680640, 0.000000000000000000, 32.44999999999999574 ) ) ;
#2394 = ORIENTED_EDGE ( 'NONE', *, *, #2709, .T. ) ;
#2395 = DIRECTION ( 'NONE',  ( -1.000000000000000000, 0.000000000000000000, 0.000000000000000000 ) ) ;
#2396 = CARTESIAN_POINT ( 'NONE',  ( -24.50068274844660365, 39.28200526678289606, 50.00000000000000000 ) ) ;
#2397 = ADVANCED_FACE ( 'NONE', ( #2628 ), #398, .F. ) ;
#2398 = ORIENTED_EDGE ( 'NONE', *, *, #2332, .F. ) ;
#2399 = ORIENTED_EDGE ( 'NONE', *, *, #1395, .F. ) ;
#2400 = LINE ( 'NONE', #2233, #235 ) ;
#2401 = AXIS2_PLACEMENT_3D ( 'NONE', #967, #1448, #791 ) ;
#2402 = ADVANCED_FACE ( 'NONE', ( #1061 ), #192, .F. ) ;
#2403 = ORIENTED_EDGE ( 'NONE', *, *, #639, .T. ) ;
#2404 = CONICAL_SURFACE ( 'NONE', #1697, 1.250000000000001110, 1.029744258676654090 ) ;
#2405 = ORIENTED_EDGE ( 'NONE', *, *, #1795, .T. ) ;
#2406 = ADVANCED_FACE ( 'NONE', ( #1497 ), #1719, .F. ) ;
#2407 = DIRECTION ( 'NONE',  ( -0.000000000000000000, -1.000000000000000000, -0.000000000000000000 ) ) ;
#2408 = AXIS2_PLACEMENT_3D ( 'NONE', #1847, #326, #2091 ) ;
#2409 = VECTOR ( 'NONE', #2782, 1000.000000000000000 ) ;
#2410 = AXIS2_PLACEMENT_3D ( 'NONE', #1735, #1070, #2627 ) ;
#2411 = CARTESIAN_POINT ( 'NONE',  ( 37.32955573756560597, 10.47866240851439912, 50.00000000000000000 ) ) ;
#2412 = DIRECTION ( 'NONE',  ( -1.000000000000000000, 0.000000000000000000, 0.000000000000000000 ) ) ;
#2413 = CYLINDRICAL_SURFACE ( 'NONE', #720, 0.5000000000000108802 ) ;
#2414 = CONICAL_SURFACE ( 'NONE', #2839, 1.250000000000001110, 1.029744258676651647 ) ;
#2415 = PLANE ( 'NONE',  #673 ) ;
#2416 = AXIS2_PLACEMENT_3D ( 'NONE', #51, #672, #1400 ) ;
#2417 = VERTEX_POINT ( 'NONE', #2641 ) ;
#2418 = ORIENTED_EDGE ( 'NONE', *, *, #842, .F. ) ;
#2419 = ORIENTED_EDGE ( 'NONE', *, *, #943, .F. ) ;
#2420 = VECTOR ( 'NONE', #1780, 1000.000000000000000 ) ;
#2421 = VECTOR ( 'NONE', #1979, 1000.000000000000000 ) ;
#2422 = DIRECTION ( 'NONE',  ( -1.000000000000000000, 0.000000000000000000, 0.000000000000000000 ) ) ;
#2423 = CARTESIAN_POINT ( 'NONE',  ( 22.77090038667759941, 9.999999225060699715, 0.000000000000000000 ) ) ;
#2424 = ORIENTED_EDGE ( 'NONE', *, *, #974, .F. ) ;
#2425 = CARTESIAN_POINT ( 'NONE',  ( -13.54999999644330622, 8.500000000000000000, 64.95000000000000284 ) ) ;
#2426 = ORIENTED_EDGE ( 'NONE', *, *, #1981, .T. ) ;
#2427 = EDGE_CURVE ( 'NONE', #2117, #1725, #369, .T. ) ;
#2428 = ADVANCED_FACE ( 'NONE', ( #1514 ), #2413, .F. ) ;
#2429 = CYLINDRICAL_SURFACE ( 'NONE', #2654, 1.250000000000001110 ) ;
#2430 = CARTESIAN_POINT ( 'NONE',  ( 20.24000000355669471, 8.500000000000000000, 62.45000000000001705 ) ) ;
#2431 = ORIENTED_EDGE ( 'NONE', *, *, #1056, .T. ) ;
#2432 = ORIENTED_EDGE ( 'NONE', *, *, #568, .F. ) ;
#2433 = DIRECTION ( 'NONE',  ( -1.000000000000000000, 0.000000000000000000, 0.000000000000000000 ) ) ;
#2434 = LINE ( 'NONE', #1724, #1991 ) ;
#2435 = FACE_OUTER_BOUND ( 'NONE', #1898, .T. ) ;
#2436 = DIRECTION ( 'NONE',  ( 0.000000000000000000, 0.000000000000000000, -1.000000000000000000 ) ) ;
#2437 = ORIENTED_EDGE ( 'NONE', *, *, #1205, .T. ) ;
#2438 = DIRECTION ( 'NONE',  ( -1.000000000000000000, 0.000000000000000000, 0.000000000000000000 ) ) ;
#2439 = DIRECTION ( 'NONE',  ( -0.000000000000000000, -1.000000000000000000, -0.000000000000000000 ) ) ;
#2440 = EDGE_CURVE ( 'NONE', #914, #1470, #1484, .T. ) ;
#2441 = VERTEX_POINT ( 'NONE', #2430 ) ;
#2442 = FACE_OUTER_BOUND ( 'NONE', #1625, .T. ) ;
#2443 = CARTESIAN_POINT ( 'NONE',  ( 5.050000319115500069, 39.24999974592180507, 50.00000000000000000 ) ) ;
#2444 = EDGE_CURVE ( 'NONE', #2022, #566, #1653, .T. ) ;
#2445 = VERTEX_POINT ( 'NONE', #2006 ) ;
#2446 = FACE_OUTER_BOUND ( 'NONE', #1491, .T. ) ;
#2447 = ORIENTED_EDGE ( 'NONE', *, *, #1904, .F. ) ;
#2448 = LINE ( 'NONE', #2030, #2317 ) ;
#2449 = CARTESIAN_POINT ( 'NONE',  ( 23.27044467000339623, 10.47866292937549915, 0.000000000000000000 ) ) ;
#2450 = CONICAL_SURFACE ( 'NONE', #1792, 1.250000000000001110, 1.029744258676654090 ) ;
#2451 = VECTOR ( 'NONE', #570, 1000.000000000000114 ) ;
#2452 = CARTESIAN_POINT ( 'NONE',  ( -2.570899680884500160, 9.999999745921799743, 50.00000000000000000 ) ) ;
#2453 = CARTESIAN_POINT ( 'NONE',  ( 17.62910038667759949, 10.49999944102120075, 118.0000000000000000 ) ) ;
#2454 = VERTEX_POINT ( 'NONE', #4 ) ;
#2455 = AXIS2_PLACEMENT_3D ( 'NONE', #2376, #1961, #1298 ) ;
#2456 = CIRCLE ( 'NONE', #1562, 1.250000000000001110 ) ;
#2457 = ORIENTED_EDGE ( 'NONE', *, *, #2786, .F. ) ;
#2458 = ADVANCED_FACE ( 'NONE', ( #273 ), #913, .F. ) ;
#2459 = CARTESIAN_POINT ( 'NONE',  ( -15.89931674844670084, 39.28200526678289606, 50.00000000000000000 ) ) ;
#2460 = VECTOR ( 'NONE', #876, 1000.000000000000000 ) ;
#2461 = CARTESIAN_POINT ( 'NONE',  ( 42.53222352180199550, 9.999998183338499658, 50.00000000000000000 ) ) ;
#2462 = CIRCLE ( 'NONE', #1761, 0.7499999999999867883 ) ;
#2463 = CIRCLE ( 'NONE', #1523, 1.250000000000001110 ) ;
#2464 = EDGE_CURVE ( 'NONE', #566, #2022, #133, .T. ) ;
#2465 = DIRECTION ( 'NONE',  ( -0.000000000000000000, -1.000000000000000000, -0.000000000000000000 ) ) ;
#2466 =( GEOMETRIC_REPRESENTATION_CONTEXT ( 3 ) GLOBAL_UNCERTAINTY_ASSIGNED_CONTEXT ( ( #257 ) ) GLOBAL_UNIT_ASSIGNED_CONTEXT ( ( #704, #270, #2681 ) ) REPRESENTATION_CONTEXT ( 'NONE', 'WORKASPACE' ) );
#2467 = LINE ( 'NONE', #2691, #1600 ) ;
#2468 = CARTESIAN_POINT ( 'NONE',  ( 5.799317319115499636, 39.28200474592179603, 118.0000000000000000 ) ) ;
#2469 = CARTESIAN_POINT ( 'NONE',  ( -15.89931674844670084, 39.28200526678289606, 0.000000000000000000 ) ) ;
#2470 = DIRECTION ( 'NONE',  ( 0.000000000000000000, 0.000000000000000000, -1.000000000000000000 ) ) ;
#2471 = DIRECTION ( 'NONE',  ( -0.000000000000000000, -1.000000000000000000, -0.000000000000000000 ) ) ;
#2472 = VERTEX_POINT ( 'NONE', #1783 ) ;
#2473 = CARTESIAN_POINT ( 'NONE',  ( -49.99999999644330018, 0.7500000017030411525, 50.00000000000000000 ) ) ;
#2474 = CARTESIAN_POINT ( 'NONE',  ( 27.22955567000339983, 10.47866292937549915, 0.000000000000000000 ) ) ;
#2475 = ADVANCED_FACE ( 'NONE', ( #2237 ), #1125, .F. ) ;
#2476 = ORIENTED_EDGE ( 'NONE', *, *, #2803, .F. ) ;
#2477 = VERTEX_POINT ( 'NONE', #2273 ) ;
#2478 = ORIENTED_EDGE ( 'NONE', *, *, #2866, .T. ) ;
#2479 = CARTESIAN_POINT ( 'NONE',  ( 32.87090045423970253, 10.49999842061550126, 0.000000000000000000 ) ) ;
#2480 = EDGE_CURVE ( 'NONE', #1521, #1358, #2506, .T. ) ;
#2481 = ORIENTED_EDGE ( 'NONE', *, *, #1577, .F. ) ;
#2482 = CARTESIAN_POINT ( 'NONE',  ( 25.99931749701319816, 39.28200350342310543, 50.00000000000000000 ) ) ;
#2483 = DIRECTION ( 'NONE',  ( -0.000000000000000000, -1.000000000000000000, -0.000000000000000000 ) ) ;
#2484 = DIRECTION ( 'NONE',  ( 0.000000000000000000, 0.000000000000000000, 1.000000000000000000 ) ) ;
#2485 = CARTESIAN_POINT ( 'NONE',  ( -25.99931674844670226, 39.28200526678289606, 50.00000000000000000 ) ) ;
#2486 = ORIENTED_EDGE ( 'NONE', *, *, #2361, .T. ) ;
#2487 = ORIENTED_EDGE ( 'NONE', *, *, #1503, .T. ) ;
#2488 = VERTEX_POINT ( 'NONE', #234 ) ;
#2489 = CARTESIAN_POINT ( 'NONE',  ( -12.67089974844670053, 10.00000026678289977, 0.000000000000000000 ) ) ;
#2490 = CYLINDRICAL_SURFACE ( 'NONE', #2221, 0.7500001910093357926 ) ;
#2491 = ORIENTED_EDGE ( 'NONE', *, *, #262, .T. ) ;
#2492 = ORIENTED_EDGE ( 'NONE', *, *, #163, .F. ) ;
#2493 = EDGE_CURVE ( 'NONE', #1485, #1078, #45, .T. ) ;
#2494 = CARTESIAN_POINT ( 'NONE',  ( -22.77089974844670195, 10.00000026678289977, 118.0000000000000000 ) ) ;
#2495 = VERTEX_POINT ( 'NONE', #2698 ) ;
#2496 = ADVANCED_FACE ( 'NONE', ( #1772 ), #1703, .F. ) ;
#2497 = ORIENTED_EDGE ( 'NONE', *, *, #521, .T. ) ;
#2498 = DIRECTION ( 'NONE',  ( -0.000000000000000000, -1.000000000000000000, -0.000000000000000000 ) ) ;
#2499 = AXIS2_PLACEMENT_3D ( 'NONE', #1634, #117, #934 ) ;
#2500 = VERTEX_POINT ( 'NONE', #284 ) ;
#2501 = VECTOR ( 'NONE', #808, 1000.000000000000000 ) ;
#2502 = CARTESIAN_POINT ( 'NONE',  ( 17.62910038667759949, 10.49999944102120075, 0.000000000000000000 ) ) ;
#2503 = DIRECTION ( 'NONE',  ( 0.000000000000000000, 0.000000000000000000, -1.000000000000000000 ) ) ;
#2504 = VECTOR ( 'NONE', #1436, 1000.000000000000000 ) ;
#2505 = ORIENTED_EDGE ( 'NONE', *, *, #783, .F. ) ;
#2506 = CIRCLE ( 'NONE', #2604, 1.250000000000001110 ) ;
#2507 = AXIS2_PLACEMENT_3D ( 'NONE', #2452, #1806, #1081 ) ;
#2508 = CARTESIAN_POINT ( 'NONE',  ( 32.87090045423970253, 10.49999842061550126, 50.00000000000000000 ) ) ;
#2509 = DIRECTION ( 'NONE',  ( 0.000000000000000000, 0.000000000000000000, -1.000000000000000000 ) ) ;
#2510 = VECTOR ( 'NONE', #2672, 1000.000000000000000 ) ;
#2511 = ORIENTED_EDGE ( 'NONE', *, *, #1917, .F. ) ;
#2512 = ORIENTED_EDGE ( 'NONE', *, *, #2838, .F. ) ;
#2513 = VECTOR ( 'NONE', #658, 1000.000000000000000 ) ;
#2514 = ORIENTED_EDGE ( 'NONE', *, *, #1529, .T. ) ;
#2515 = ADVANCED_FACE ( 'NONE', ( #1381 ), #1322, .T. ) ;
#2516 = CARTESIAN_POINT ( 'NONE',  ( 20.24000000355669471, 2.755455298081549092E-17, 63.70000000000001705 ) ) ;
#2517 = CARTESIAN_POINT ( 'NONE',  ( 40.25000000355680640, 0.000000000000000000, 33.69999999999999574 ) ) ;
#2518 = ORIENTED_EDGE ( 'NONE', *, *, #515, .T. ) ;
#2519 = EDGE_CURVE ( 'NONE', #119, #504, #1367, .T. ) ;
#2520 = LINE ( 'NONE', #1627, #949 ) ;
#2521 = CARTESIAN_POINT ( 'NONE',  ( -43.99222103783419868, 24.88331470737599815, 118.0000000000000000 ) ) ;
#2522 = VERTEX_POINT ( 'NONE', #2685 ) ;
#2523 = EDGE_LOOP ( 'NONE', ( #189, #2874, #1073, #1903 ) ) ;
#2524 = DIRECTION ( 'NONE',  ( -0.9990891036309266227, -0.04267274312663430630, 0.000000000000000000 ) ) ;
#2525 = CARTESIAN_POINT ( 'NONE',  ( -15.14999974844659825, 39.25000026678289800, 50.00000000000000000 ) ) ;
#2526 = EDGE_CURVE ( 'NONE', #1617, #2094, #655, .T. ) ;
#2527 = ORIENTED_EDGE ( 'NONE', *, *, #965, .F. ) ;
#2528 = DATE_AND_TIME ( #962, #2847 ) ;
#2529 = EDGE_LOOP ( 'NONE', ( #334, #1621, #1030, #139 ) ) ;
#2530 = EDGE_CURVE ( 'NONE', #2585, #1319, #472, .T. ) ;
#2531 = DIRECTION ( 'NONE',  ( 1.000000000000000000, 0.000000000000000000, 0.000000000000000000 ) ) ;
#2532 = DIRECTION ( 'NONE',  ( 0.000000000000000000, 0.000000000000000000, -1.000000000000000000 ) ) ;
#2533 = EDGE_CURVE ( 'NONE', #1725, #1537, #637, .T. ) ;
#2534 = CARTESIAN_POINT ( 'NONE',  ( -38.24999999644330018, -1.530808498934181463E-16, 34.95000000000000995 ) ) ;
#2535 = ORIENTED_EDGE ( 'NONE', *, *, #1821, .T. ) ;
#2536 = DIRECTION ( 'NONE',  ( 1.000000000000000000, 0.000000000000000000, 0.000000000000000000 ) ) ;
#2537 = DIRECTION ( 'NONE',  ( 0.000000000000000000, 0.000000000000000000, -1.000000000000000000 ) ) ;
#2538 = EDGE_LOOP ( 'NONE', ( #2291, #1975, #2597, #2762, #1713, #2368, #1951, #1963, #2027, #856, #2601, #2512, #2162, #1756, #788, #73, #2511, #2029, #2069, #1831, #2670, #1438, #2285, #52, #2700, #2642, #2284, #689, #936, #2811, #2892, #2399, #1993, #83, #630, #2281, #629, #489, #2181, #199, #2476, #2132, #709, #732, #797, #1034, #330, #8, #2648, #340, #65, #1968, #212, #1642, #307, #1534, #1045, #1315, #2294, #2137, #839, #1195, #1401, #1515 ) ) ;
#2539 = CARTESIAN_POINT ( 'NONE',  ( -2.570899680884500160, 10.49999996188219953, 50.00000000000000000 ) ) ;
#2540 = ORIENTED_EDGE ( 'NONE', *, *, #836, .F. ) ;
#2541 = EDGE_CURVE ( 'NONE', #2417, #2715, #278, .T. ) ;
#2542 = VECTOR ( 'NONE', #1813, 1000.000000000000000 ) ;
#2543 = CARTESIAN_POINT ( 'NONE',  ( -33.24999999644330018, 0.000000000000000000, 109.9500000000000028 ) ) ;
#2544 = LINE ( 'NONE', #2521, #2409 ) ;
#2545 = ORIENTED_EDGE ( 'NONE', *, *, #1880, .T. ) ;
#2546 = VECTOR ( 'NONE', #610, 1000.000000000000000 ) ;
#2547 = EDGE_CURVE ( 'NONE', #1721, #2472, #1380, .T. ) ;
#2548 = ORIENTED_EDGE ( 'NONE', *, *, #710, .F. ) ;
#2549 = CARTESIAN_POINT ( 'NONE',  ( -33.24999999644330018, 8.500000000000000000, 108.7000000000000028 ) ) ;
#2550 = AXIS2_PLACEMENT_3D ( 'NONE', #2643, #626, #1518 ) ;
#2551 = VECTOR ( 'NONE', #997, 1000.000000000000114 ) ;
#2552 = EDGE_CURVE ( 'NONE', #2606, #1537, #1791, .T. ) ;
#2553 = VECTOR ( 'NONE', #1960, 1000.000000000000000 ) ;
#2554 = CARTESIAN_POINT ( 'NONE',  ( 2.570900319115500210, 9.999999745921799743, 118.0000000000000000 ) ) ;
#2555 = CIRCLE ( 'NONE', #185, 0.4999999999999796274 ) ;
#2556 = COORDINATED_UNIVERSAL_TIME_OFFSET ( 1, 0, .AHEAD. ) ;
#2557 = ORIENTED_EDGE ( 'NONE', *, *, #538, .T. ) ;
#2558 = PRODUCT_DEFINITION_FORMATION_WITH_SPECIFIED_SOURCE ( 'ANY', '', #740, .NOT_KNOWN. ) ;
#2559 = VECTOR ( 'NONE', #2077, 1000.000000000000000 ) ;
#2560 = CYLINDRICAL_SURFACE ( 'NONE', #411, 0.5000002159604300944 ) ;
#2561 = CARTESIAN_POINT ( 'NONE',  ( -14.40068274844659868, 39.28200526678289606, 50.00000000000000000 ) ) ;
#2562 = LINE ( 'NONE', #1829, #1799 ) ;
#2563 = CARTESIAN_POINT ( 'NONE',  ( 45.70166552180189967, 39.99999818333850499, 118.0000000000000000 ) ) ;
#2564 = EDGE_LOOP ( 'NONE', ( #1865, #1478, #670 ) ) ;
#2565 = LINE ( 'NONE', #555, #2600 ) ;
#2566 = LINE ( 'NONE', #2595, #1695 ) ;
#2567 = EDGE_CURVE ( 'NONE', #1199, #959, #2249, .T. ) ;
#2568 = ORIENTED_EDGE ( 'NONE', *, *, #1293, .T. ) ;
#2569 = DIRECTION ( 'NONE',  ( -0.000000000000000000, -1.000000000000000000, -0.000000000000000000 ) ) ;
#2570 = EDGE_CURVE ( 'NONE', #394, #2316, #1807, .T. ) ;
#2571 = DIRECTION ( 'NONE',  ( 0.000000000000000000, 0.000000000000000000, 1.000000000000000000 ) ) ;
#2572 = ORIENTED_EDGE ( 'NONE', *, *, #783, .T. ) ;
#2573 = VERTEX_POINT ( 'NONE', #2333 ) ;
#2574 = CYLINDRICAL_SURFACE ( 'NONE', #1003, 0.7500000000000006661 ) ;
#2575 = DIRECTION ( 'NONE',  ( 0.04267275147541720048, -0.9990891032743360878, 0.000000000000000000 ) ) ;
#2576 = LINE ( 'NONE', #522, #2699 ) ;
#2577 = DIRECTION ( 'NONE',  ( -1.000000000000000000, 0.000000000000000000, 0.000000000000000000 ) ) ;
#2578 = FACE_OUTER_BOUND ( 'NONE', #1613, .T. ) ;
#2579 = ORIENTED_EDGE ( 'NONE', *, *, #1880, .F. ) ;
#2580 = DIRECTION ( 'NONE',  ( -0.000000000000000000, -1.000000000000000000, -0.000000000000000000 ) ) ;
#2581 = ORIENTED_EDGE ( 'NONE', *, *, #1872, .T. ) ;
#2582 = ADVANCED_FACE ( 'NONE', ( #2070 ), #1435, .F. ) ;
#2583 = CARTESIAN_POINT ( 'NONE',  ( 2.570900319115500210, 10.49999974592179974, 118.0000000000000000 ) ) ;
#2584 = FACE_OUTER_BOUND ( 'NONE', #2295, .T. ) ;
#2585 = VERTEX_POINT ( 'NONE', #561 ) ;
#2586 = ADVANCED_FACE ( 'NONE', ( #66 ), #991, .F. ) ;
#2587 = ORIENTED_EDGE ( 'NONE', *, *, #2649, .T. ) ;
#2588 = CARTESIAN_POINT ( 'NONE',  ( -2.570899680884500160, 10.49999996188219953, 118.0000000000000000 ) ) ;
#2589 = LINE ( 'NONE', #1671, #1835 ) ;
#2590 = CARTESIAN_POINT ( 'NONE',  ( -17.62909974844670202, 10.00000026678289977, 50.00000000000000000 ) ) ;
#2591 = CARTESIAN_POINT ( 'NONE',  ( 20.24000000355669471, 0.000000000000000000, 62.45000000000001705 ) ) ;
#2592 = DIRECTION ( 'NONE',  ( 0.000000000000000000, 0.000000000000000000, -1.000000000000000000 ) ) ;
#2593 = DIRECTION ( 'NONE',  ( 1.000000000000000000, 0.000000000000000000, 0.000000000000000000 ) ) ;
#2594 = DIRECTION ( 'NONE',  ( -1.000000000000000000, 0.000000000000000000, 0.000000000000000000 ) ) ;
#2595 = CARTESIAN_POINT ( 'NONE',  ( 24.50068384299360247, 39.28200350342310543, 50.00000000000000000 ) ) ;
#2596 = VERTEX_POINT ( 'NONE', #950 ) ;
#2597 = ORIENTED_EDGE ( 'NONE', *, *, #1577, .T. ) ;
#2598 = VECTOR ( 'NONE', #387, 1000.000000000000000 ) ;
#2599 = DIRECTION ( 'NONE',  ( -1.000000000000000000, 0.000000000000000000, 0.000000000000000000 ) ) ;
#2600 = VECTOR ( 'NONE', #1899, 1000.000000000000000 ) ;
#2601 = ORIENTED_EDGE ( 'NONE', *, *, #1643, .T. ) ;
#2602 = PRODUCT_RELATED_PRODUCT_CATEGORY ( 'detail', '', ( #740 ) ) ;
#2603 = AXIS2_PLACEMENT_3D ( 'NONE', #473, #2674, #48 ) ;
#2604 = AXIS2_PLACEMENT_3D ( 'NONE', #924, #2498, #2052 ) ;
#2605 = VECTOR ( 'NONE', #272, 1000.000000000000114 ) ;
#2606 = VERTEX_POINT ( 'NONE', #2286 ) ;
#2607 = DIRECTION ( 'NONE',  ( -0.000000000000000000, -1.000000000000000000, -0.000000000000000000 ) ) ;
#2608 = ADVANCED_FACE ( 'NONE', ( #2112 ), #2560, .F. ) ;
#2609 = VECTOR ( 'NONE', #28, 1000.000000000000114 ) ;
#2610 = CARTESIAN_POINT ( 'NONE',  ( -49.99999999644330018, 39.25000000170309988, 118.0000000000000000 ) ) ;
#2611 = AXIS2_PLACEMENT_3D ( 'NONE', #2482, #907, #2724 ) ;
#2612 = CARTESIAN_POINT ( 'NONE',  ( -2.570899680884500160, 9.999999745921799743, 50.00000000000000000 ) ) ;
#2613 = VECTOR ( 'NONE', #1633, 1000.000000000000000 ) ;
#2614 = EDGE_CURVE ( 'NONE', #2522, #666, #2798, .T. ) ;
#2615 = VERTEX_POINT ( 'NONE', #308 ) ;
#2616 = CARTESIAN_POINT ( 'NONE',  ( -45.70166499644329861, 40.00000000170310699, 0.000000000000000000 ) ) ;
#2617 = DIRECTION ( 'NONE',  ( 0.000000000000000000, 0.000000000000000000, 1.000000000000000000 ) ) ;
#2618 = CARTESIAN_POINT ( 'NONE',  ( 40.25000000355681351, 8.500000000000000000, 109.9499999999999886 ) ) ;
#2619 = ADVANCED_FACE ( 'NONE', ( #1175 ), #2574, .T. ) ;
#2620 = EDGE_LOOP ( 'NONE', ( #1024, #84, #1818, #2336 ) ) ;
#2621 = DIRECTION ( 'NONE',  ( 1.000000000000000000, 0.000000000000000000, 0.000000000000000000 ) ) ;
#2622 = DIRECTION ( 'NONE',  ( 0.000000000000000000, -1.000000000000000000, 0.000000000000000000 ) ) ;
#2623 = CARTESIAN_POINT ( 'NONE',  ( 4.300683319115400138, 39.28200474592179603, 0.000000000000000000 ) ) ;
#2624 = ORIENTED_EDGE ( 'NONE', *, *, #2278, .F. ) ;
#2625 = LINE ( 'NONE', #1905, #869 ) ;
#2626 = EDGE_CURVE ( 'NONE', #2804, #390, #1404, .T. ) ;
#2627 = DIRECTION ( 'NONE',  ( 0.000000000000000000, 0.000000000000000000, -1.000000000000000000 ) ) ;
#2628 = FACE_OUTER_BOUND ( 'NONE', #1083, .T. ) ;
#2629 = ORIENTED_EDGE ( 'NONE', *, *, #995, .F. ) ;
#2630 = EDGE_CURVE ( 'NONE', #320, #108, #1447, .T. ) ;
#2631 = CARTESIAN_POINT ( 'NONE',  ( 45.70166552180189967, 39.99999818333850499, 0.000000000000000000 ) ) ;
#2632 = LINE ( 'NONE', #1502, #2234 ) ;
#2633 = ORIENTED_EDGE ( 'NONE', *, *, #1395, .T. ) ;
#2634 = ORIENTED_EDGE ( 'NONE', *, *, #352, .F. ) ;
#2635 = DIRECTION ( 'NONE',  ( 0.000000000000000000, -1.000000000000000000, 0.000000000000000000 ) ) ;
#2636 = ORIENTED_EDGE ( 'NONE', *, *, #1824, .F. ) ;
#2637 = ORIENTED_EDGE ( 'NONE', *, *, #2838, .T. ) ;
#2638 = CYLINDRICAL_SURFACE ( 'NONE', #36, 1.250000000000001110 ) ;
#2639 = DIRECTION ( 'NONE',  ( 0.000000000000000000, 0.000000000000000000, -1.000000000000000000 ) ) ;
#2640 = DIRECTION ( 'NONE',  ( 0.000000000000000000, 0.000000000000000000, 1.000000000000000000 ) ) ;
#2641 = CARTESIAN_POINT ( 'NONE',  ( 32.87090045423970253, 9.999998704199601463, 118.0000000000000000 ) ) ;
#2642 = ORIENTED_EDGE ( 'NONE', *, *, #477, .F. ) ;
#2643 = CARTESIAN_POINT ( 'NONE',  ( -25.24999974844660144, 39.25000026678289800, 118.0000000000000000 ) ) ;
#2644 = FACE_OUTER_BOUND ( 'NONE', #734, .T. ) ;
#2645 = EDGE_CURVE ( 'NONE', #504, #1199, #2230, .T. ) ;
#2646 = ORIENTED_EDGE ( 'NONE', *, *, #713, .F. ) ;
#2647 = DIRECTION ( 'NONE',  ( 0.000000000000000000, 0.000000000000000000, -1.000000000000000000 ) ) ;
#2648 = ORIENTED_EDGE ( 'NONE', *, *, #1218, .T. ) ;
#2649 = EDGE_CURVE ( 'NONE', #2016, #2615, #1204, .T. ) ;
#2650 = CARTESIAN_POINT ( 'NONE',  ( 49.25000000355679930, 0.7500000017030411525, 50.00000000000000000 ) ) ;
#2651 = CARTESIAN_POINT ( 'NONE',  ( -13.54999999644330622, 8.500000000000000000, 63.70000000000000995 ) ) ;
#2652 = CIRCLE ( 'NONE', #2040, 0.5000002159604305385 ) ;
#2653 = VECTOR ( 'NONE', #110, 1000.000000000000000 ) ;
#2654 = AXIS2_PLACEMENT_3D ( 'NONE', #233, #1568, #480 ) ;
#2655 = CYLINDRICAL_SURFACE ( 'NONE', #908, 0.7500000000000258682 ) ;
#2656 = CARTESIAN_POINT ( 'NONE',  ( -13.54999999644330622, 8.500000000000000000, 64.95000000000000284 ) ) ;
#2657 = VECTOR ( 'NONE', #54, 1000.000000000000000 ) ;
#2658 = AXIS2_PLACEMENT_3D ( 'NONE', #290, #929, #892 ) ;
#2659 = EDGE_LOOP ( 'NONE', ( #323, #1967, #985, #416 ) ) ;
#2660 = AXIS2_PLACEMENT_3D ( 'NONE', #248, #693, #1111 ) ;
#2661 = VECTOR ( 'NONE', #890, 1000.000000000000000 ) ;
#2662 = CARTESIAN_POINT ( 'NONE',  ( 14.40068377543139988, 39.28200402428429783, 50.00000000000000000 ) ) ;
#2663 = DIRECTION ( 'NONE',  ( -0.9990891032743364208, -0.04267275147541330083, 0.000000000000000000 ) ) ;
#2664 = CARTESIAN_POINT ( 'NONE',  ( -45.70166499644329861, 39.24999994462240238, 118.0000000000000000 ) ) ;
#2665 = DIRECTION ( 'NONE',  ( 0.000000000000000000, 0.000000000000000000, -1.000000000000000000 ) ) ;
#2666 = ORIENTED_EDGE ( 'NONE', *, *, #372, .F. ) ;
#2667 = CARTESIAN_POINT ( 'NONE',  ( -49.99999999644330018, 0.7500000017030411525, 50.00000000000000000 ) ) ;
#2668 = ADVANCED_FACE ( 'NONE', ( #2089 ), #2414, .F. ) ;
#2669 = APPROVAL_ROLE ( '' ) ;
#2670 = ORIENTED_EDGE ( 'NONE', *, *, #2541, .F. ) ;
#2671 = CARTESIAN_POINT ( 'NONE',  ( -43.03111605339739754, 10.46674094082549900, 0.000000000000000000 ) ) ;
#2672 = DIRECTION ( 'NONE',  ( 0.000000000000000000, 0.000000000000000000, -1.000000000000000000 ) ) ;
#2673 = ORIENTED_EDGE ( 'NONE', *, *, #1810, .T. ) ;
#2674 = DIRECTION ( 'NONE',  ( -0.000000000000000000, -1.000000000000000000, -0.000000000000000000 ) ) ;
#2675 = FACE_OUTER_BOUND ( 'NONE', #585, .T. ) ;
#2676 = DIRECTION ( 'NONE',  ( 0.000000000000000000, 0.000000000000000000, -1.000000000000000000 ) ) ;
#2677 = ORIENTED_EDGE ( 'NONE', *, *, #336, .T. ) ;
#2678 = CARTESIAN_POINT ( 'NONE',  ( 4.300683319115400138, 39.28200474592179603, 0.000000000000000000 ) ) ;
#2679 = CC_DESIGN_PERSON_AND_ORGANIZATION_ASSIGNMENT ( #2792, #1594, ( #2558 ) ) ;
#2680 = ORIENTED_EDGE ( 'NONE', *, *, #24, .F. ) ;
#2681 =( NAMED_UNIT ( * ) SI_UNIT ( $, .STERADIAN. ) SOLID_ANGLE_UNIT ( ) );
#2682 = DIRECTION ( 'NONE',  ( 0.000000000000000000, 0.000000000000000000, -1.000000000000000000 ) ) ;
#2683 = EDGE_CURVE ( 'NONE', #1537, #2380, #935, .T. ) ;
#2684 = LINE ( 'NONE', #1124, #2605 ) ;
#2685 = CARTESIAN_POINT ( 'NONE',  ( -13.17044429978649944, 10.47866388408450078, 0.000000000000000000 ) ) ;
#2686 = ORIENTED_EDGE ( 'NONE', *, *, #427, .T. ) ;
#2687 = DIRECTION ( 'NONE',  ( 0.000000000000000000, 0.000000000000000000, -1.000000000000000000 ) ) ;
#2688 = CARTESIAN_POINT ( 'NONE',  ( -7.529099748446600238, 10.49999998319880135, 50.00000000000000000 ) ) ;
#2689 = ORIENTED_EDGE ( 'NONE', *, *, #1085, .F. ) ;
#2690 = CARTESIAN_POINT ( 'NONE',  ( 34.60068391055579440, 39.28200298256199829, 118.0000000000000000 ) ) ;
#2691 = CARTESIAN_POINT ( 'NONE',  ( -37.32955519710680647, 10.47866388408450078, 50.00000000000000000 ) ) ;
#2692 = AXIS2_PLACEMENT_3D ( 'NONE', #159, #812, #2338 ) ;
#2693 = PERSON_AND_ORGANIZATION_ROLE ( 'creator' ) ;
#2694 = VECTOR ( 'NONE', #2856, 1000.000000000000000 ) ;
#2695 = AXIS2_PLACEMENT_3D ( 'NONE', #1311, #1949, #2395 ) ;
#2696 = CARTESIAN_POINT ( 'NONE',  ( -38.24999999644330018, 0.000000000000000000, 32.45000000000000995 ) ) ;
#2697 = ADVANCED_FACE ( 'NONE', ( #1610 ), #1421, .F. ) ;
#2698 = CARTESIAN_POINT ( 'NONE',  ( -33.24999999644330018, 8.500000000000000000, 109.9500000000000028 ) ) ;
#2699 = VECTOR ( 'NONE', #2289, 1000.000000000000000 ) ;
#2700 = ORIENTED_EDGE ( 'NONE', *, *, #2017, .T. ) ;
#2701 = DIRECTION ( 'NONE',  ( 0.000000000000000000, 0.000000000000000000, 1.000000000000000000 ) ) ;
#2702 = CIRCLE ( 'NONE', #2897, 0.7500001910093340163 ) ;
#2703 = ADVANCED_FACE ( 'NONE', ( #511 ), #2755, .T. ) ;
#2704 = DIRECTION ( 'NONE',  ( -0.000000000000000000, -1.000000000000000000, -0.000000000000000000 ) ) ;
#2705 = CIRCLE ( 'NONE', #763, 0.7500000000000258682 ) ;
#2706 = ORIENTED_EDGE ( 'NONE', *, *, #2645, .T. ) ;
#2707 = AXIS2_PLACEMENT_3D ( 'NONE', #2525, #1389, #518 ) ;
#2708 = CARTESIAN_POINT ( 'NONE',  ( -13.54999999644330622, 8.500000000000000000, 63.70000000000000995 ) ) ;
#2709 = EDGE_CURVE ( 'NONE', #2324, #813, #2555, .T. ) ;
#2710 = CARTESIAN_POINT ( 'NONE',  ( 25.99931749701319816, 39.28200350342310543, 0.000000000000000000 ) ) ;
#2711 = CARTESIAN_POINT ( 'NONE',  ( -34.60068274844670100, 39.28200526678289606, 118.0000000000000000 ) ) ;
#2712 = CARTESIAN_POINT ( 'NONE',  ( -38.24999999644330018, 9.251075773784451783, 33.70000000000000995 ) ) ;
#2713 = CARTESIAN_POINT ( 'NONE',  ( -33.24999999644330018, 8.500000000000000000, 108.7000000000000028 ) ) ;
#2714 = ORIENTED_EDGE ( 'NONE', *, *, #1432, .T. ) ;
#2715 = VERTEX_POINT ( 'NONE', #1190 ) ;
#2716 = EDGE_CURVE ( 'NONE', #1814, #590, #1471, .T. ) ;
#2717 = DIRECTION ( 'NONE',  ( -0.04267275147541720048, 0.9990891032743360878, 0.000000000000000000 ) ) ;
#2718 = LINE ( 'NONE', #1576, #2889 ) ;
#2719 = CARTESIAN_POINT ( 'NONE',  ( -22.77089974844670195, 10.00000026678289977, 0.000000000000000000 ) ) ;
#2720 = ADVANCED_FACE ( 'NONE', ( #1462 ), #954, .F. ) ;
#2721 = ORIENTED_EDGE ( 'NONE', *, *, #2274, .T. ) ;
#2722 = LINE ( 'NONE', #486, #2088 ) ;
#2723 = EDGE_LOOP ( 'NONE', ( #1933, #1737, #766, #2677 ) ) ;
#2724 = DIRECTION ( 'NONE',  ( 0.04267274312663629082, -0.9990891036309265116, 0.000000000000000000 ) ) ;
#2725 = CARTESIAN_POINT ( 'NONE',  ( 13.73530268685040134, 23.70357136931739817, 118.0000000000000000 ) ) ;
#2726 = DIRECTION ( 'NONE',  ( 0.000000000000000000, 0.000000000000000000, -1.000000000000000000 ) ) ;
#2727 = DIRECTION ( 'NONE',  ( 0.000000000000000000, 0.000000000000000000, -1.000000000000000000 ) ) ;
#2728 = CARTESIAN_POINT ( 'NONE',  ( 3.644498523263500100, 23.91887355323009956, 118.0000000000000000 ) ) ;
#2729 = ORIENTED_EDGE ( 'NONE', *, *, #1326, .T. ) ;
#2730 = LINE ( 'NONE', #2745, #2000 ) ;
#2731 = EDGE_CURVE ( 'NONE', #1319, #1078, #2702, .T. ) ;
#2732 = EDGE_LOOP ( 'NONE', ( #1955, #1299, #2058, #2759 ) ) ;
#2733 = EDGE_CURVE ( 'NONE', #2059, #1686, #1564, .T. ) ;
#2734 = DATE_AND_TIME ( #2271, #683 ) ;
#2735 = DIRECTION ( 'NONE',  ( -1.000000000000000000, 0.000000000000000000, 0.000000000000000000 ) ) ;
#2736 = AXIS2_PLACEMENT_3D ( 'NONE', #1511, #1206, #349 ) ;
#2737 = CIRCLE ( 'NONE', #2218, 0.7500001910092785051 ) ;
#2738 = DIRECTION ( 'NONE',  ( -1.000000000000000000, 0.000000000000000000, 0.000000000000000000 ) ) ;
#2739 = CARTESIAN_POINT ( 'NONE',  ( 13.17044460244130022, 10.47866345023660095, 0.000000000000000000 ) ) ;
#2740 = AXIS2_PLACEMENT_3D ( 'NONE', #2549, #2580, #1851 ) ;
#2741 = AXIS2_PLACEMENT_3D ( 'NONE', #2062, #2299, #2532 ) ;
#2742 = CIRCLE ( 'NONE', #2083, 0.5000000000000108802 ) ;
#2743 = CIRCLE ( 'NONE', #33, 0.5000000000000091038 ) ;
#2744 = DIRECTION ( 'NONE',  ( 0.04267277775004078844, 0.9990891021521031146, 0.000000000000000000 ) ) ;
#2745 = CARTESIAN_POINT ( 'NONE',  ( -13.17044429978649944, 10.47866388408450078, 50.00000000000000000 ) ) ;
#2746 = AXIS2_PLACEMENT_3D ( 'NONE', #1596, #664, #1554 ) ;
#2747 = ORIENTED_EDGE ( 'NONE', *, *, #2084, .F. ) ;
#2748 = EDGE_CURVE ( 'NONE', #1470, #1826, #1509, .T. ) ;
#2749 = LOCAL_TIME ( 16, 30, 17.00000000000000000, #1788 ) ;
#2750 = ORIENTED_EDGE ( 'NONE', *, *, #2716, .T. ) ;
#2751 = CIRCLE ( 'NONE', #958, 0.4999997164158746510 ) ;
#2752 = ORIENTED_EDGE ( 'NONE', *, *, #427, .F. ) ;
#2753 = ADVANCED_FACE ( 'NONE', ( #1749 ), #2314, .F. ) ;
#2754 = DIRECTION ( 'NONE',  ( -0.000000000000000000, -1.000000000000000000, -0.000000000000000000 ) ) ;
#2755 = CYLINDRICAL_SURFACE ( 'NONE', #136, 0.7500001910092785051 ) ;
#2756 = DIRECTION ( 'NONE',  ( 0.000000000000000000, 0.000000000000000000, -1.000000000000000000 ) ) ;
#2757 = LINE ( 'NONE', #312, #2126 ) ;
#2758 = ORIENTED_EDGE ( 'NONE', *, *, #2153, .T. ) ;
#2759 = ORIENTED_EDGE ( 'NONE', *, *, #2098, .T. ) ;
#2760 = DIRECTION ( 'NONE',  ( 0.000000000000000000, 0.000000000000000000, -1.000000000000000000 ) ) ;
#2761 = ORIENTED_EDGE ( 'NONE', *, *, #2288, .F. ) ;
#2762 = ORIENTED_EDGE ( 'NONE', *, *, #1326, .F. ) ;
#2763 = EDGE_CURVE ( 'NONE', #1521, #2303, #1219, .T. ) ;
#2764 = ORIENTED_EDGE ( 'NONE', *, *, #651, .F. ) ;
#2765 = DIRECTION ( 'NONE',  ( 0.000000000000000000, 0.000000000000000000, -1.000000000000000000 ) ) ;
#2766 = ADVANCED_FACE ( 'NONE', ( #1241 ), #2638, .F. ) ;
#2767 = DIRECTION ( 'NONE',  ( 0.000000000000000000, 0.000000000000000000, 1.000000000000000000 ) ) ;
#2768 = FACE_OUTER_BOUND ( 'NONE', #2824, .T. ) ;
#2769 = EDGE_CURVE ( 'NONE', #2232, #1267, #414, .T. ) ;
#2770 = ORIENTED_EDGE ( 'NONE', *, *, #2308, .T. ) ;
#2771 = DIRECTION ( 'NONE',  ( -0.000000000000000000, -1.000000000000000000, -0.000000000000000000 ) ) ;
#2772 = DIRECTION ( 'NONE',  ( 0.04267274312663629082, -0.9990891036309265116, 0.000000000000000000 ) ) ;
#2773 = CARTESIAN_POINT ( 'NONE',  ( 5.799317319115499636, 39.28200474592179603, 50.00000000000000000 ) ) ;
#2774 = ORIENTED_EDGE ( 'NONE', *, *, #1205, .F. ) ;
#2775 = ORIENTED_EDGE ( 'NONE', *, *, #1914, .T. ) ;
#2776 = VERTEX_POINT ( 'NONE', #1937 ) ;
#2777 = DIRECTION ( 'NONE',  ( 1.000000000000000000, 0.000000000000000000, 0.000000000000000000 ) ) ;
#2778 = EDGE_CURVE ( 'NONE', #1853, #1470, #500, .T. ) ;
#2779 = VECTOR ( 'NONE', #1959, 1000.000000000000000 ) ;
#2780 = EDGE_LOOP ( 'NONE', ( #98, #829, #2518, #2714 ) ) ;
#2781 = CARTESIAN_POINT ( 'NONE',  ( 12.67090031911540038, 10.49999946233769954, 50.00000000000000000 ) ) ;
#2782 = DIRECTION ( 'NONE',  ( 0.06651901511742400186, -0.9977851575503656756, 0.000000000000000000 ) ) ;
#2783 = ORIENTED_EDGE ( 'NONE', *, *, #1789, .F. ) ;
#2784 = CIRCLE ( 'NONE', #2888, 1.250000000000001110 ) ;
#2785 = ORIENTED_EDGE ( 'NONE', *, *, #2017, .F. ) ;
#2786 = EDGE_CURVE ( 'NONE', #2868, #622, #820, .T. ) ;
#2787 = DIRECTION ( 'NONE',  ( 0.04267275147541329389, -0.9990891032743364208, 0.000000000000000000 ) ) ;
#2788 = AXIS2_PLACEMENT_3D ( 'NONE', #2781, #739, #1658 ) ;
#2789 = AXIS2_PLACEMENT_3D ( 'NONE', #1258, #1060, #1452 ) ;
#2790 = ORIENTED_EDGE ( 'NONE', *, *, #12, .F. ) ;
#2791 = DIRECTION ( 'NONE',  ( -1.000000000000000000, 0.000000000000000000, 0.000000000000000000 ) ) ;
#2792 = PERSON_AND_ORGANIZATION ( #2312, #2047 ) ;
#2793 = AXIS2_PLACEMENT_3D ( 'NONE', #2479, #1823, #922 ) ;
#2794 = ORIENTED_EDGE ( 'NONE', *, *, #2102, .F. ) ;
#2795 = ORIENTED_EDGE ( 'NONE', *, *, #1269, .F. ) ;
#2796 = CIRCLE ( 'NONE', #872, 1.250000000000001110 ) ;
#2797 = AXIS2_PLACEMENT_3D ( 'NONE', #543, #1439, #76 ) ;
#2798 = LINE ( 'NONE', #87, #1999 ) ;
#2799 = LINE ( 'NONE', #1685, #2353 ) ;
#2800 = VERTEX_POINT ( 'NONE', #1480 ) ;
#2801 = DIRECTION ( 'NONE',  ( -0.000000000000000000, -1.000000000000000000, -0.000000000000000000 ) ) ;
#2802 = CARTESIAN_POINT ( 'NONE',  ( -30.08066174844670115, 10.00000026678289977, 118.0000000000000000 ) ) ;
#2803 = EDGE_CURVE ( 'NONE', #31, #1882, #2363, .T. ) ;
#2804 = VERTEX_POINT ( 'NONE', #1971 ) ;
#2805 = CARTESIAN_POINT ( 'NONE',  ( -13.54999999644330622, 2.755455298081549092E-17, 63.70000000000000995 ) ) ;
#2806 = ADVANCED_FACE ( 'NONE', ( #2873 ), #1530, .F. ) ;
#2807 = ORIENTED_EDGE ( 'NONE', *, *, #331, .T. ) ;
#2808 = ORIENTED_EDGE ( 'NONE', *, *, #2880, .T. ) ;
#2809 = CARTESIAN_POINT ( 'NONE',  ( 40.25000000355680640, 0.000000000000000000, 33.69999999999999574 ) ) ;
#2810 = CARTESIAN_POINT ( 'NONE',  ( 40.25000000355681351, 0.000000000000000000, 107.4499999999999886 ) ) ;
#2811 = ORIENTED_EDGE ( 'NONE', *, *, #746, .F. ) ;
#2812 = VERTEX_POINT ( 'NONE', #640 ) ;
#2813 = DIRECTION ( 'NONE',  ( 0.000000000000000000, 0.000000000000000000, 1.000000000000000000 ) ) ;
#2814 = DIRECTION ( 'NONE',  ( 1.000000000000000000, 0.000000000000000000, 0.000000000000000000 ) ) ;
#2815 = DIRECTION ( 'NONE',  ( 0.000000000000000000, 0.000000000000000000, -1.000000000000000000 ) ) ;
#2816 = CARTESIAN_POINT ( 'NONE',  ( -27.72909974844669989, 10.50000026678289977, 50.00000000000000000 ) ) ;
#2817 = CARTESIAN_POINT ( 'NONE',  ( -5.049999465120800224, 39.24999997109769367, 0.000000000000000000 ) ) ;
#2818 = DIRECTION ( 'NONE',  ( 0.04267277775004279378, 0.9990891021521031146, 0.000000000000000000 ) ) ;
#2819 = DIRECTION ( 'NONE',  ( -1.000000000000000000, 0.000000000000000000, 0.000000000000000000 ) ) ;
#2820 = CARTESIAN_POINT ( 'NONE',  ( -17.62909974844670202, 10.00000026678289977, 0.000000000000000000 ) ) ;
#2821 = VERTEX_POINT ( 'NONE', #2143 ) ;
#2822 = EDGE_CURVE ( 'NONE', #813, #1485, #1013, .T. ) ;
#2823 = DIRECTION ( 'NONE',  ( 0.000000000000000000, 0.000000000000000000, 1.000000000000000000 ) ) ;
#2824 = EDGE_LOOP ( 'NONE', ( #2849, #1825, #2154, #2279 ) ) ;
#2825 = EDGE_CURVE ( 'NONE', #898, #920, #2625, .T. ) ;
#2826 = CARTESIAN_POINT ( 'NONE',  ( -13.54999999644330622, 0.000000000000000000, 64.95000000000000284 ) ) ;
#2827 = FACE_OUTER_BOUND ( 'NONE', #393, .T. ) ;
#2828 = DIRECTION ( 'NONE',  ( 0.9990891021521031146, -0.04267277775004279378, 0.000000000000000000 ) ) ;
#2829 = ORIENTED_EDGE ( 'NONE', *, *, #2114, .T. ) ;
#2830 = LINE ( 'NONE', #826, #576 ) ;
#2831 = CARTESIAN_POINT ( 'NONE',  ( 25.25000067000339854, 39.24999892937550072, 118.0000000000000000 ) ) ;
#2832 = ORIENTED_EDGE ( 'NONE', *, *, #1698, .F. ) ;
#2833 = DIRECTION ( 'NONE',  ( -0.04267275147541520902, -0.9990891032743361988, 0.000000000000000000 ) ) ;
#2834 = CIRCLE ( 'NONE', #2267, 1.250000000000001110 ) ;
#2835 = LINE ( 'NONE', #2810, #2694 ) ;
#2836 = ORIENTED_EDGE ( 'NONE', *, *, #2065, .T. ) ;
#2837 = CONICAL_SURFACE ( 'NONE', #2408, 1.250000000000001110, 1.029744258676654090 ) ;
#2838 = EDGE_CURVE ( 'NONE', #2287, #2341, #1683, .T. ) ;
#2839 = AXIS2_PLACEMENT_3D ( 'NONE', #1393, #2103, #1828 ) ;
#2840 = AXIS2_PLACEMENT_3D ( 'NONE', #2206, #44, #2438 ) ;
#2841 = ORIENTED_EDGE ( 'NONE', *, *, #1265, .T. ) ;
#2842 = DIRECTION ( 'NONE',  ( 0.000000000000000000, 0.000000000000000000, 1.000000000000000000 ) ) ;
#2843 = EDGE_CURVE ( 'NONE', #805, #2022, #569, .T. ) ;
#2844 = AXIS2_PLACEMENT_3D ( 'NONE', #2664, #211, #650 ) ;
#2845 = VERTEX_POINT ( 'NONE', #153 ) ;
#2846 = DIRECTION ( 'NONE',  ( 1.000000000000000000, 0.000000000000000000, 0.000000000000000000 ) ) ;
#2847 = LOCAL_TIME ( 16, 30, 17.00000000000000000, #1171 ) ;
#2848 = CARTESIAN_POINT ( 'NONE',  ( -17.62909974844670202, 10.00000026678289977, 118.0000000000000000 ) ) ;
#2849 = ORIENTED_EDGE ( 'NONE', *, *, #824, .T. ) ;
#2850 = ORIENTED_EDGE ( 'NONE', *, *, #862, .T. ) ;
#2851 = DIRECTION ( 'NONE',  ( 0.000000000000000000, 0.000000000000000000, -1.000000000000000000 ) ) ;
#2852 = DIRECTION ( 'NONE',  ( 0.04267275147541330083, -0.9990891032743364208, 0.000000000000000000 ) ) ;
#2853 = ORIENTED_EDGE ( 'NONE', *, *, #467, .F. ) ;
#2854 = EDGE_LOOP ( 'NONE', ( #1490, #1591 ) ) ;
#2855 = DIRECTION ( 'NONE',  ( 0.9990891021521031146, -0.04267277775004078844, 0.000000000000000000 ) ) ;
#2856 = DIRECTION ( 'NONE',  ( -0.000000000000000000, -1.000000000000000000, -0.000000000000000000 ) ) ;
#2857 = ORIENTED_EDGE ( 'NONE', *, *, #252, .T. ) ;
#2858 = APPROVAL ( #23, 'UNSPECIFIED' ) ;
#2859 = DIRECTION ( 'NONE',  ( 0.000000000000000000, 0.000000000000000000, -1.000000000000000000 ) ) ;
#2860 = CYLINDRICAL_SURFACE ( 'NONE', #2265, 0.7500000000000266454 ) ;
#2861 = ADVANCED_FACE ( 'NONE', ( #1058 ), #1025, .F. ) ;
#2862 = CARTESIAN_POINT ( 'NONE',  ( 49.25000000355679930, 1.703054364199369748E-09, 50.00000000000000000 ) ) ;
#2863 = ORIENTED_EDGE ( 'NONE', *, *, #1482, .F. ) ;
#2864 = ORIENTED_EDGE ( 'NONE', *, *, #1233, .T. ) ;
#2865 = DIRECTION ( 'NONE',  ( 0.000000000000000000, 0.000000000000000000, -1.000000000000000000 ) ) ;
#2866 = EDGE_CURVE ( 'NONE', #2472, #2615, #2448, .T. ) ;
#2867 = CARTESIAN_POINT ( 'NONE',  ( -5.799316292130700212, 39.28200454514540496, 50.00000000000000000 ) ) ;
#2868 = VERTEX_POINT ( 'NONE', #2257 ) ;
#2869 = VERTEX_POINT ( 'NONE', #2710 ) ;
#2870 = DIRECTION ( 'NONE',  ( 1.000000000000000000, 0.000000000000000000, 0.000000000000000000 ) ) ;
#2871 = DIRECTION ( 'NONE',  ( 0.000000000000000000, 0.000000000000000000, -1.000000000000000000 ) ) ;
#2872 = DIRECTION ( 'NONE',  ( 0.000000000000000000, 0.000000000000000000, -1.000000000000000000 ) ) ;
#2873 = FACE_OUTER_BOUND ( 'NONE', #1119, .T. ) ;
#2874 = ORIENTED_EDGE ( 'NONE', *, *, #1810, .F. ) ;
#2875 = DIRECTION ( 'NONE',  ( -1.000000000000000000, 0.000000000000000000, 0.000000000000000000 ) ) ;
#2876 = CARTESIAN_POINT ( 'NONE',  ( 24.50068384299360247, 39.28200350342310543, 50.00000000000000000 ) ) ;
#2877 = CARTESIAN_POINT ( 'NONE',  ( 17.12955560244130027, 10.47866345023660095, 50.00000000000000000 ) ) ;
#2878 = ORIENTED_EDGE ( 'NONE', *, *, #2235, .T. ) ;
#2879 = ORIENTED_EDGE ( 'NONE', *, *, #81, .T. ) ;
#2880 = EDGE_CURVE ( 'NONE', #1440, #390, #2796, .T. ) ;
#2881 = LINE ( 'NONE', #1927, #1559 ) ;
#2882 = DIRECTION ( 'NONE',  ( -0.000000000000000000, -1.000000000000000000, -0.000000000000000000 ) ) ;
#2883 = ADVANCED_FACE ( 'NONE', ( #1318 ), #42, .F. ) ;
#2884 = ORIENTED_EDGE ( 'NONE', *, *, #372, .T. ) ;
#2885 = DIRECTION ( 'NONE',  ( 0.000000000000000000, 0.000000000000000000, 1.000000000000000000 ) ) ;
#2886 = AXIS2_PLACEMENT_3D ( 'NONE', #612, #2011, #423 ) ;
#2887 = FACE_OUTER_BOUND ( 'NONE', #1300, .T. ) ;
#2888 = AXIS2_PLACEMENT_3D ( 'NONE', #2516, #2754, #1403 ) ;
#2889 = VECTOR ( 'NONE', #1820, 1000.000000000000000 ) ;
#2890 = CALENDAR_DATE ( 2023, 9, 2 ) ;
#2891 = AXIS2_PLACEMENT_3D ( 'NONE', #1178, #123, #2738 ) ;
#2892 = ORIENTED_EDGE ( 'NONE', *, *, #2733, .T. ) ;
#2893 = VECTOR ( 'NONE', #1208, 1000.000000000000000 ) ;
#2894 = CIRCLE ( 'NONE', #1704, 1.250000000000001110 ) ;
#2895 = CARTESIAN_POINT ( 'NONE',  ( -49.99999999644330018, 39.25000000170309988, 50.00000000000000000 ) ) ;
#2896 = CARTESIAN_POINT ( 'NONE',  ( 34.60068391055579440, 39.28200298256199829, 50.00000000000000000 ) ) ;
#2897 = AXIS2_PLACEMENT_3D ( 'NONE', #801, #2842, #1696 ) ;
#2898 = VECTOR ( 'NONE', #2833, 1000.000000000000114 ) ;
#2899 = EDGE_LOOP ( 'NONE', ( #1201, #2012, #79, #1383 ) ) ;
#2900 = AXIS2_PLACEMENT_3D ( 'NONE', #2396, #2663, #2852 ) ;
#2901 = DIRECTION ( 'NONE',  ( 1.000000000000000000, 0.000000000000000000, 0.000000000000000000 ) ) ;
#2902 = CARTESIAN_POINT ( 'NONE',  ( -49.24999999644330018, 1.703040486411569998E-09, 50.00000000000000000 ) ) ;
#2903 = EDGE_CURVE ( 'NONE', #963, #2812, #1541, .T. ) ;
#2904 = DIRECTION ( 'NONE',  ( -1.000000000000000000, 0.000000000000000000, 0.000000000000000000 ) ) ;
#2905 = EDGE_CURVE ( 'NONE', #832, #2596, #1097, .T. ) ;
ENDSEC;
END-ISO-10303-21;
